{"loss": [21.85434341430664, 20.983013153076172, 20.934492111206055, 20.937145233154297], "lm": "protT5", "lr": 0.01, "batch": 64, "max_protein_len": 512, "reduced_dim": 32, "components": 32, "activation": "sigmoid", "suffix": ""}