{"loss": [0.370744913816452, 0.23149487376213074, 0.1809067577123642, 0.1383906751871109, 0.1031215712428093, 0.07768546044826508, 0.0608440600335598, 0.04842854291200638, 0.03866806626319885, 0.031912945210933685, 0.026541266590356827, 0.022338615730404854, 0.019156351685523987, 0.01656164973974228, 0.014341567642986774, 0.012634123675525188, 0.011270254850387573, 0.010142420418560505, 0.009235039353370667, 0.008409683592617512, 0.00779327005147934, 0.007274785079061985, 0.006747300736606121, 0.006408180110156536, 0.006044755689799786, 0.005746928043663502, 0.00556308263912797, 0.0053040399216115475, 0.005126632750034332, 0.004981469362974167, 0.0048197307623922825, 0.004702982492744923, 0.0045977747067809105, 0.004494486842304468, 0.004417280200868845], "masked_accuracy": [0.8212794661521912, 0.8664779663085938, 0.9745491147041321, 0.9975866675376892, 0.9977539777755737, 0.997704267501831, 0.9975808262825012, 0.997776448726654, 0.9977093935012817, 0.9978725910186768, 0.9975161552429199, 0.9977642893791199, 0.9977443218231201, 0.9978426098823547, 0.9978901743888855, 0.9978755116462708, 0.99799644947052, 0.9977400898933411, 0.9980663657188416, 0.9982457160949707, 0.9981017112731934, 0.9983209371566772, 0.9982844591140747, 0.9982065558433533, 0.9984358549118042, 0.998469889163971, 0.9985740184783936, 0.9985122084617615, 0.9985018372535706, 0.9985508322715759, 0.9986001253128052, 0.9984611868858337, 0.9983823299407959, 0.9986165165901184, 0.9985930919647217], "categorical_accuracy": [0.784873902797699, 0.7576439380645752, 0.7494227290153503, 0.7840346693992615, 0.8502435088157654, 0.8785623908042908, 0.8837357759475708, 0.8882724642753601, 0.8927546143531799, 0.8935492038726807, 0.8936285972595215, 0.895592451095581, 0.8952820897102356, 0.8960378766059875, 0.8977792859077454, 0.8993743062019348, 0.8987352848052979, 0.8995929956436157, 0.9012357592582703, 0.9023178815841675, 0.9011332988739014, 0.9010701775550842, 0.90279620885849, 0.9036223292350769, 0.9032732248306274, 0.904369592666626, 0.9031610488891602, 0.9042017459869385, 0.9038984179496765, 0.9048434495925903, 0.9045875668525696, 0.9030322432518005, 0.9034809470176697, 0.9048432111740112, 0.9047865271568298]}