{"loss": [2.614145517349243, 1.4081871509552002, 1.1090072393417358, 1.05207097530365, 1.0238304138183594, 1.003458857536316, 1.022047758102417, 1.0216948986053467, 1.0100674629211426, 1.010709285736084, 1.0154988765716553, 1.0075455904006958, 1.0142487287521362, 1.0157362222671509, 1.0079013109207153, 1.0077378749847412, 1.0165657997131348, 1.0098029375076294, 1.0016357898712158, 0.9953010082244873, 1.0038809776306152, 1.0164943933486938, 1.0019758939743042, 1.002103328704834, 1.0111325979232788, 1.002110242843628, 1.0122318267822266, 1.004806637763977, 1.0069935321807861, 1.0083513259887695, 1.0019654035568237, 1.0157395601272583, 1.0101734399795532, 1.0101832151412964, 1.0062072277069092], "masked_accuracy": [0.4190272390842438, 0.6696608662605286, 0.7405516505241394, 0.7547351121902466, 0.7619776129722595, 0.7656666040420532, 0.7622401118278503, 0.7623580694198608, 0.764539361000061, 0.7647848129272461, 0.7632739543914795, 0.7648011445999146, 0.7637137174606323, 0.7637154459953308, 0.7656885385513306, 0.7649254202842712, 0.7635554671287537, 0.7648221254348755, 0.7663924098014832, 0.768113911151886, 0.7663913369178772, 0.763961136341095, 0.766805112361908, 0.7660722732543945, 0.7643160223960876, 0.7660940885543823, 0.7645458579063416, 0.7661153078079224, 0.7660905718803406, 0.7650591135025024, 0.7671298384666443, 0.7641167640686035, 0.764838695526123, 0.764942467212677, 0.7655506134033203], "categorical_accuracy": [0.7876938581466675, 0.8670218586921692, 0.8903797268867493, 0.895429790019989, 0.8984326124191284, 0.9000077843666077, 0.8967829942703247, 0.8976228833198547, 0.899504542350769, 0.8991597890853882, 0.8979032039642334, 0.8988949656486511, 0.8976057767868042, 0.8974324464797974, 0.8982534408569336, 0.899096667766571, 0.8979557752609253, 0.8981792330741882, 0.8991323709487915, 0.9000635743141174, 0.8983864188194275, 0.8980292677879333, 0.8993048071861267, 0.8998969197273254, 0.8992161750793457, 0.8998591899871826, 0.8986415266990662, 0.8995801210403442, 0.8992629051208496, 0.8997464179992676, 0.899382472038269, 0.8977533578872681, 0.8980468511581421, 0.8992482423782349, 0.8990303874015808]}