{"loss": [2.8808720111846924, 1.573560357093811, 1.2861642837524414, 1.1957762241363525, 1.1338530778884888, 1.1154347658157349, 1.1016972064971924, 1.091288447380066, 1.079811453819275, 1.072630524635315, 1.0633615255355835, 1.0791116952896118, 1.0573610067367554, 1.0604711771011353, 1.0536105632781982, 1.0604420900344849, 1.060416340827942, 1.0700801610946655, 1.0580006837844849, 1.0504711866378784, 1.0512663125991821, 1.047379493713379, 1.0457165241241455, 1.043440818786621, 1.0476255416870117, 1.0531187057495117, 1.0572304725646973, 1.041934847831726, 1.0420582294464111, 1.046405553817749, 1.0464955568313599, 1.0513970851898193, 1.0501735210418701, 1.037337064743042, 1.0421258211135864], "masked_accuracy": [0.3983997702598572, 0.648624837398529, 0.7098522186279297, 0.7308482527732849, 0.7436679005622864, 0.7477893233299255, 0.7511486411094666, 0.7538102269172668, 0.7565380334854126, 0.7588413953781128, 0.759002685546875, 0.7564811110496521, 0.7610406875610352, 0.7607038617134094, 0.7616475820541382, 0.7605000138282776, 0.7611847519874573, 0.7591545581817627, 0.7607549428939819, 0.7632644772529602, 0.7623003125190735, 0.7631824016571045, 0.7632254958152771, 0.7637819647789001, 0.7630899548530579, 0.7629324197769165, 0.7612791061401367, 0.7648657560348511, 0.7639846801757812, 0.7634521722793579, 0.7636138200759888, 0.7628142237663269, 0.7633994221687317, 0.766450047492981, 0.7646990418434143], "categorical_accuracy": [0.7408141493797302, 0.8295431137084961, 0.8523246049880981, 0.8594810366630554, 0.865978479385376, 0.8671475052833557, 0.8684319853782654, 0.8675168752670288, 0.8698746562004089, 0.8702815175056458, 0.8720303773880005, 0.8694254159927368, 0.8712484240531921, 0.8715907335281372, 0.8732817769050598, 0.8710729479789734, 0.8715646862983704, 0.8700796365737915, 0.8714749813079834, 0.8729075193405151, 0.8724337816238403, 0.8725054264068604, 0.8732401728630066, 0.8731489777565002, 0.8715945482254028, 0.8727220296859741, 0.8707382082939148, 0.8728553652763367, 0.8735911846160889, 0.8724748492240906, 0.8722490668296814, 0.8723065853118896, 0.8722346425056458, 0.8738641738891602, 0.8738395571708679]}