{"loss": [5.576562881469727, 2.421919107437134, 1.7488144636154175, 1.516231894493103, 1.3847131729125977, 1.3320223093032837, 1.3074432611465454, 1.2925971746444702, 1.274519681930542, 1.2715555429458618, 1.2631644010543823, 1.2715580463409424, 1.2599780559539795, 1.260854721069336, 1.2534056901931763, 1.2587114572525024, 1.2600395679473877, 1.2617143392562866, 1.2484138011932373, 1.2492083311080933, 1.2441797256469727, 1.2445957660675049, 1.2481931447982788, 1.2433578968048096, 1.2480006217956543, 1.2487529516220093, 1.2536267042160034, 1.2407336235046387, 1.2359822988510132, 1.2431929111480713, 1.2437211275100708, 1.2502423524856567, 1.2489664554595947, 1.2313355207443237, 1.2479071617126465], "masked_accuracy": [0.17567555606365204, 0.4810083508491516, 0.6240723133087158, 0.6762312650680542, 0.703457772731781, 0.7138266563415527, 0.7196982502937317, 0.7230477333068848, 0.7257261872291565, 0.7276238203048706, 0.7284774780273438, 0.7271707057952881, 0.7286862134933472, 0.7288731336593628, 0.7305232882499695, 0.7295475602149963, 0.7303223609924316, 0.7293254137039185, 0.7315650582313538, 0.7321581840515137, 0.7319189310073853, 0.7325582504272461, 0.7312043905258179, 0.7321957349777222, 0.7314814925193787, 0.7324326634407043, 0.7308329343795776, 0.7334128618240356, 0.7345209717750549, 0.7326335906982422, 0.7324888110160828, 0.7314944863319397, 0.7325912117958069, 0.735732913017273, 0.7324156165122986], "categorical_accuracy": [0.6686292290687561, 0.7746133208274841, 0.8256964087486267, 0.844383716583252, 0.8558714985847473, 0.8592528104782104, 0.861053466796875, 0.8605281710624695, 0.8627853393554688, 0.8630309104919434, 0.8651142716407776, 0.8628836870193481, 0.8637734055519104, 0.8642838597297668, 0.8658689856529236, 0.8639703989028931, 0.864502489566803, 0.8632967472076416, 0.864824652671814, 0.8654533624649048, 0.8654301762580872, 0.8655738830566406, 0.8656643033027649, 0.8656569123268127, 0.8638954162597656, 0.8656953573226929, 0.8639169931411743, 0.8653968572616577, 0.866760790348053, 0.8653504848480225, 0.865085780620575, 0.8650085926055908, 0.8652287125587463, 0.8666012287139893, 0.8660354018211365]}