{"loss": [26.99000358581543, 19.417448043823242, 18.675067901611328, 18.066547393798828], "lm": "protT5", "lr": 0.01, "batch": 64, "max_protein_len": 512, "reduced_dim": 128, "components": 32, "activation": "sigmoid", "suffix": ""}