{"loss": [2.158154010772705, 0.785570502281189, 0.294308066368103, 0.24341224133968353, 0.20860816538333893, 0.18403781950473785, 0.1681108921766281, 0.15582333505153656, 0.14441128075122833, 0.13699209690093994, 0.13129925727844238, 0.12592452764511108, 0.12243882566690445, 0.11988575756549835, 0.11520904302597046, 0.11286720633506775, 0.1109558492898941, 0.10873792320489883, 0.1077696830034256, 0.10507173836231232, 0.10496651381254196, 0.10466475784778595, 0.10247080773115158, 0.10213460773229599, 0.10128604620695114, 0.10060732811689377, 0.10160263627767563, 0.09995140135288239, 0.09931319206953049, 0.09934067726135254, 0.09881926327943802, 0.09887473285198212, 0.09859563410282135, 0.0984959676861763, 0.09774523228406906], "masked_accuracy": [0.789051353931427, 0.8214648365974426, 0.8574686050415039, 0.8998231887817383, 0.9308078289031982, 0.9483605027198792, 0.9587385058403015, 0.9653128385543823, 0.9698044657707214, 0.9731333255767822, 0.9749216437339783, 0.9767716526985168, 0.9779794812202454, 0.978877604007721, 0.9800059199333191, 0.9804572463035583, 0.9811826348304749, 0.9812716245651245, 0.9818441867828369, 0.982447624206543, 0.9824936985969543, 0.9827582836151123, 0.9830594658851624, 0.9829638600349426, 0.9834040403366089, 0.9835934638977051, 0.9835842847824097, 0.9837098121643066, 0.9838792085647583, 0.9838657379150391, 0.9839863181114197, 0.9838970303535461, 0.9838576316833496, 0.9841673970222473, 0.9841542840003967], "precision": [0.005211608950048685, 0.006447697523981333, 0.008500763215124607, 0.01204650942236185, 0.017597755417227745, 0.02407105267047882, 0.029979020357131958, 0.036161649972200394, 0.04172603785991669, 0.04632146283984184, 0.051191821694374084, 0.055298760533332825, 0.058760400861501694, 0.06181338429450989, 0.06540889292955399, 0.06759883463382721, 0.06992262601852417, 0.07233580201864243, 0.07447202503681183, 0.0762394368648529, 0.07748561352491379, 0.07839969545602798, 0.07991907745599747, 0.08157282322645187, 0.08169757574796677, 0.08361482620239258, 0.08331510424613953, 0.08431120216846466, 0.08508702367544174, 0.08594712615013123, 0.08593717217445374, 0.08582084625959396, 0.0860535129904747, 0.08676563203334808, 0.08734991401433945], "recall": [0.8472094535827637, 0.8994912505149841, 0.9319053888320923, 0.9264020919799805, 0.9184441566467285, 0.9140490889549255, 0.9031923413276672, 0.9000534415245056, 0.8977399468421936, 0.8921635150909424, 0.8882976770401001, 0.8871642351150513, 0.8839254379272461, 0.8817699551582336, 0.8814384937286377, 0.881615936756134, 0.877503514289856, 0.8804612159729004, 0.8800048828125, 0.8810276985168457, 0.8787168264389038, 0.8772801756858826, 0.8781086802482605, 0.8802552223205566, 0.8779841661453247, 0.879692554473877, 0.8764058351516724, 0.8776684403419495, 0.8776445388793945, 0.8796531558036804, 0.8776747584342957, 0.8763231039047241, 0.8773801326751709, 0.876999020576477, 0.8793174624443054]}