{"loss": [0.2607380449771881, 0.2134706825017929, 0.17821834981441498, 0.13736268877983093, 0.10245584696531296, 0.07729379832744598, 0.06067343428730965, 0.04846113175153732, 0.03888339176774025, 0.0322704054415226, 0.027040792629122734, 0.022969547659158707, 0.019893117249011993, 0.017412805929780006, 0.0152787696570158, 0.013638532720506191, 0.01233264897018671, 0.011270206421613693, 0.01041816733777523, 0.009616943076252937, 0.0090262396261096, 0.008523551747202873, 0.008022556081414223, 0.007698381785303354, 0.007333964575082064, 0.007062997203320265, 0.006883405148983002, 0.006627430208027363, 0.006448475178331137, 0.006325837690383196, 0.006153320427983999, 0.006037563551217318, 0.005925161764025688, 0.0058323098346591, 0.0057695708237588406], "masked_accuracy": [0.8300634622573853, 0.9071878790855408, 0.9944453835487366, 0.9975656867027283, 0.9977121353149414, 0.9976635575294495, 0.9975360035896301, 0.9977173209190369, 0.9976321458816528, 0.9977796673774719, 0.9973965883255005, 0.9976122975349426, 0.9975612163543701, 0.9976100325584412, 0.9976135492324829, 0.9975680112838745, 0.9976605176925659, 0.9973627924919128, 0.9976586103439331, 0.9978242516517639, 0.997669517993927, 0.9978809356689453, 0.9978324174880981, 0.9977512359619141, 0.9979830384254456, 0.9980076551437378, 0.9981114268302917, 0.9980530142784119, 0.9980429410934448, 0.9980838894844055, 0.9981400370597839, 0.9980046153068542, 0.9979269504547119, 0.9981585741043091, 0.9981319904327393], "categorical_accuracy": [0.7080661058425903, 0.6971569061279297, 0.697463870048523, 0.7266802787780762, 0.7902002930641174, 0.8218013644218445, 0.8264982104301453, 0.8316927552223206, 0.8377756476402283, 0.8395265340805054, 0.8415505290031433, 0.845768928527832, 0.8464648127555847, 0.8491137623786926, 0.8521744608879089, 0.8554372787475586, 0.8557745814323425, 0.8573689460754395, 0.8601104021072388, 0.8622508645057678, 0.861180305480957, 0.8618075251579285, 0.8639559745788574, 0.8651635646820068, 0.8649172186851501, 0.8660731315612793, 0.8653684258460999, 0.8664898872375488, 0.8664443492889404, 0.8672887682914734, 0.8673907518386841, 0.8660441637039185, 0.866405189037323, 0.868159830570221, 0.8681154847145081]}