{"loss": [30.98214340209961, 29.062143325805664, 29.072534561157227, 29.06976318359375], "lm": "protT5", "lr": 0.01, "batch": 64, "max_protein_len": 512, "reduced_dim": 64, "components": 1, "activation": "sigmoid", "suffix": ""}