{"loss": [39.56206512451172, 37.92627716064453, 37.49544143676758, 37.37449645996094], "lm": "proteinBERT", "lr": 0.01, "batch": 64, "max_protein_len": 512, "reduced_dim": 64, "components": 100, "activation": "softmax", "suffix": ""}