{"loss": [3.160172700881958, 1.781097412109375, 1.4294215440750122, 1.3107472658157349, 1.2427866458892822, 1.2230150699615479, 1.2113664150238037, 1.201683759689331, 1.1920957565307617, 1.1859745979309082, 1.1785552501678467, 1.1950347423553467, 1.174015998840332, 1.1766513586044312, 1.1711081266403198, 1.1788620948791504, 1.178989291191101, 1.1900227069854736, 1.1755685806274414, 1.1696430444717407, 1.1716145277023315, 1.1682361364364624, 1.166128158569336, 1.1639875173568726, 1.1683955192565918, 1.1737114191055298, 1.1780129671096802, 1.162815809249878, 1.1621464490890503, 1.1671836376190186, 1.1688271760940552, 1.1720298528671265, 1.1725960969924927, 1.1581416130065918, 1.1629939079284668], "masked_accuracy": [0.34008729457855225, 0.6030226349830627, 0.6787510514259338, 0.7053722739219666, 0.7196875810623169, 0.7237512469291687, 0.7266380190849304, 0.7294780611991882, 0.7312947511672974, 0.7336012721061707, 0.7333349585533142, 0.7306896448135376, 0.7350223064422607, 0.7345935702323914, 0.7356078028678894, 0.7337986826896667, 0.7344028949737549, 0.7323219776153564, 0.7341639995574951, 0.7367075085639954, 0.7355797290802002, 0.7362379431724548, 0.7361682653427124, 0.7368344068527222, 0.7363176941871643, 0.7358748316764832, 0.734248697757721, 0.7378098368644714, 0.7371618747711182, 0.7360219955444336, 0.7360730171203613, 0.7359542846679688, 0.7362080216407776, 0.7393735647201538, 0.7375975251197815], "categorical_accuracy": [0.7196453809738159, 0.8123470544815063, 0.8402064442634583, 0.8496358394622803, 0.8566394448280334, 0.8577168583869934, 0.8588533401489258, 0.8579590916633606, 0.8599625825881958, 0.860378623008728, 0.8620498180389404, 0.8592892289161682, 0.8610221147537231, 0.8614038228988647, 0.8630366921424866, 0.8605833053588867, 0.8611096739768982, 0.8595970273017883, 0.8610824942588806, 0.862412691116333, 0.861984133720398, 0.8619514107704163, 0.8626365661621094, 0.8626315593719482, 0.8609821200370789, 0.8622364401817322, 0.8601750731468201, 0.8622109889984131, 0.8631075620651245, 0.8618363738059998, 0.8614670634269714, 0.8617982864379883, 0.8616202473640442, 0.8632707595825195, 0.8633076548576355]}