{"loss": [4.7077317237854, 2.9352235794067383, 2.2667534351348877, 2.006815195083618, 1.8738229274749756, 1.8259632587432861, 1.804992914199829, 1.7971113920211792, 1.7822504043579102, 1.7834601402282715, 1.7737691402435303, 1.7870442867279053, 1.773301601409912, 1.7729064226150513, 1.7711857557296753, 1.7753959894180298, 1.7777577638626099, 1.7808150053024292, 1.7642178535461426, 1.7678574323654175, 1.7617660760879517, 1.7646774053573608, 1.7666789293289185, 1.760094404220581, 1.767978310585022, 1.7633318901062012, 1.7698359489440918, 1.7579563856124878, 1.751499891281128, 1.7563215494155884, 1.7614585161209106, 1.7664474248886108, 1.7686020135879517, 1.7481144666671753, 1.762963891029358], "masked_accuracy": [0.13114652037620544, 0.34590962529182434, 0.4913236200809479, 0.5514264106750488, 0.5802649259567261, 0.589644193649292, 0.5948846340179443, 0.5971056222915649, 0.5997920632362366, 0.600257396697998, 0.6016417741775513, 0.5992472767829895, 0.6015090346336365, 0.6022074222564697, 0.6025882959365845, 0.6017703413963318, 0.6020756363868713, 0.6009922027587891, 0.6037655472755432, 0.6033393740653992, 0.6038789749145508, 0.6043611764907837, 0.6027886867523193, 0.6047179102897644, 0.6030118465423584, 0.6055098176002502, 0.6032641530036926, 0.6054632663726807, 0.6063799262046814, 0.6053392291069031, 0.604412317276001, 0.604210615158081, 0.604133129119873, 0.6076786518096924, 0.605289876461029], "categorical_accuracy": [0.6519712805747986, 0.7225199341773987, 0.772798478603363, 0.7945554852485657, 0.8059062361717224, 0.8089608550071716, 0.8103615045547485, 0.8090763688087463, 0.8113924264907837, 0.8112502694129944, 0.8135866522789001, 0.8107167482376099, 0.8118830919265747, 0.8130509257316589, 0.8140638470649719, 0.8118031024932861, 0.8123922348022461, 0.8110855221748352, 0.8130049705505371, 0.8130702972412109, 0.8135047554969788, 0.813258945941925, 0.8135011792182922, 0.8138926029205322, 0.8116685748100281, 0.8142710328102112, 0.8122817277908325, 0.8132489919662476, 0.814918577671051, 0.8138149976730347, 0.8129444718360901, 0.8132502436637878, 0.8131929039955139, 0.8146268129348755, 0.8145100474357605]}