{"loss": [0.3423677682876587, 0.27129068970680237, 0.22836726903915405, 0.19023649394512177, 0.16076290607452393, 0.13957388699054718, 0.12609745562076569, 0.1160227581858635, 0.10671927034854889, 0.10064965486526489, 0.09648606926202774, 0.0923263281583786, 0.08986683934926987, 0.08851215243339539, 0.08528797328472137, 0.08385415375232697, 0.08298764377832413, 0.08196110278367996, 0.08152032643556595, 0.08012319356203079, 0.080064557492733, 0.0808524563908577, 0.07929301261901855, 0.07963621616363525, 0.07917509973049164, 0.0787448137998581, 0.0800260528922081, 0.07901078462600708, 0.07915609329938889, 0.07944656163454056, 0.0787086933851242, 0.0792979821562767, 0.07887685298919678, 0.07929350435733795, 0.07886364310979843], "masked_accuracy": [0.8252358436584473, 0.8575522899627686, 0.8986898064613342, 0.934116542339325, 0.9556776881217957, 0.9663219451904297, 0.9721795320510864, 0.9759151339530945, 0.9784963726997375, 0.9804010391235352, 0.9811823964118958, 0.982309103012085, 0.9829970002174377, 0.9834019541740417, 0.9840473532676697, 0.984343409538269, 0.9847140908241272, 0.9845998883247375, 0.9849900007247925, 0.9853729009628296, 0.9853047728538513, 0.985410749912262, 0.9856052398681641, 0.9854239225387573, 0.9857146739959717, 0.9858458638191223, 0.9857480525970459, 0.985821545124054, 0.9858444333076477, 0.9857785701751709, 0.9859647154808044, 0.9857620596885681, 0.9857138991355896, 0.9859302043914795, 0.9859157204627991], "precision": [0.006948677822947502, 0.00862580630928278, 0.012428798712790012, 0.019050801172852516, 0.02852761186659336, 0.038298629224300385, 0.046164266765117645, 0.05361904948949814, 0.06036319211125374, 0.0652659684419632, 0.06983614712953568, 0.07394275814294815, 0.07735622674226761, 0.07973150908946991, 0.08260028809309006, 0.08494337648153305, 0.08627350628376007, 0.08785928040742874, 0.08965762704610825, 0.0909687802195549, 0.09154993295669556, 0.09120457619428635, 0.09244627505540848, 0.0935123860836029, 0.09312022477388382, 0.09465436637401581, 0.09368716180324554, 0.09432274848222733, 0.09422735869884491, 0.09499839693307877, 0.09488401561975479, 0.09406039118766785, 0.0944553017616272, 0.0945148691534996, 0.09528882056474686], "recall": [0.9490801095962524, 0.974304735660553, 0.9777415990829468, 0.9668700098991394, 0.9551571607589722, 0.9471699595451355, 0.937324047088623, 0.9321370720863342, 0.9293302893638611, 0.9256906509399414, 0.922062873840332, 0.9210171699523926, 0.9190571904182434, 0.9171399474143982, 0.9164085984230042, 0.9171463251113892, 0.9144449234008789, 0.9146474599838257, 0.9151174426078796, 0.9156248569488525, 0.9146444201469421, 0.9124844074249268, 0.913401186466217, 0.9147377014160156, 0.9134461879730225, 0.9145814776420593, 0.9127802848815918, 0.9131185412406921, 0.9124106168746948, 0.9139284491539001, 0.9129545092582703, 0.9118505120277405, 0.9121996164321899, 0.9126816987991333, 0.9129632115364075]}