{"loss": [0.24404661357402802, 0.2110590934753418, 0.17778083682060242, 0.1371544599533081, 0.1023440882563591, 0.07727769017219543, 0.06072630360722542, 0.04858160763978958, 0.039072562009096146, 0.032518018037080765, 0.027355903759598732, 0.023356417194008827, 0.020342785865068436, 0.017938924953341484, 0.01587347686290741, 0.0142976650968194, 0.013051236048340797, 0.012057067826390266, 0.011271827854216099, 0.010515879839658737, 0.00996824074536562, 0.009513354860246181, 0.009054929949343204, 0.008773830719292164, 0.00843135081231594, 0.008205631747841835, 0.008060616441071033, 0.007824449799954891, 0.007671431638300419, 0.007580827921628952, 0.007430520839989185, 0.00732659874483943, 0.007244107313454151, 0.007167341187596321, 0.007130883634090424], "masked_accuracy": [0.8343614935874939, 0.9289401173591614, 0.9967584609985352, 0.9975599646568298, 0.9976965188980103, 0.997648298740387, 0.9975216388702393, 0.9977009296417236, 0.9976141452789307, 0.9977577328681946, 0.9973713159561157, 0.9975807070732117, 0.9975258708000183, 0.9975695610046387, 0.9975661039352417, 0.9975072741508484, 0.9975846409797668, 0.9972699880599976, 0.9975423812866211, 0.9976853132247925, 0.9975125789642334, 0.9977049827575684, 0.9976347088813782, 0.997536301612854, 0.997757077217102, 0.9977637529373169, 0.9978522062301636, 0.997780978679657, 0.9977610111236572, 0.9977898001670837, 0.9978356957435608, 0.9976965188980103, 0.9976086020469666, 0.9978324770927429, 0.9977949857711792], "categorical_accuracy": [0.689024806022644, 0.6845201849937439, 0.6852701306343079, 0.704429566860199, 0.7433266639709473, 0.7625271081924438, 0.7640002369880676, 0.7680509090423584, 0.7745705842971802, 0.7762438058853149, 0.7796237468719482, 0.7843317985534668, 0.7849323749542236, 0.788332998752594, 0.7919593453407288, 0.7955669164657593, 0.7966629266738892, 0.7984698414802551, 0.8015849590301514, 0.8046935796737671, 0.8034253716468811, 0.8052548170089722, 0.8079190254211426, 0.8092823624610901, 0.8094741702079773, 0.810071587562561, 0.809689998626709, 0.8115675449371338, 0.8115653395652771, 0.8122225999832153, 0.812795102596283, 0.8117136359214783, 0.8116850852966309, 0.8138515949249268, 0.8137566447257996]}