{"loss": [5.6620564460754395, 3.2469985485076904, 2.5522868633270264, 2.2860238552093506, 2.1961114406585693, 2.1415982246398926, 2.1615869998931885, 2.15490984916687, 2.136491298675537, 2.147580623626709, 2.1518828868865967, 2.1379945278167725, 2.1483535766601562, 2.1437997817993164, 2.135435104370117, 2.139132022857666, 2.1497304439544678, 2.1336445808410645, 2.1298863887786865, 2.1161415576934814, 2.1349055767059326, 2.1405458450317383, 2.1264915466308594, 2.1230695247650146, 2.1355412006378174, 2.1322097778320312, 2.1382830142974854, 2.1281704902648926, 2.1254148483276367, 2.12483286857605, 2.1234302520751953, 2.137860059738159, 2.1298770904541016, 2.1336753368377686, 2.115617275238037], "masked_accuracy": [0.08838769793510437, 0.27418431639671326, 0.41695407032966614, 0.4773707389831543, 0.49790480732917786, 0.5072024464607239, 0.5054264068603516, 0.5066124200820923, 0.5088527202606201, 0.5085874795913696, 0.5072041153907776, 0.5097000598907471, 0.5082775950431824, 0.5088655352592468, 0.5108858346939087, 0.5092486143112183, 0.5086750388145447, 0.509812593460083, 0.5109811425209045, 0.5135229825973511, 0.5104043483734131, 0.5093987584114075, 0.5118985176086426, 0.511395275592804, 0.510153591632843, 0.5108001232147217, 0.5103126168251038, 0.5115042328834534, 0.5127991437911987, 0.5125457048416138, 0.5123422145843506, 0.5097734332084656, 0.5114315748214722, 0.5114424228668213, 0.5136071443557739], "categorical_accuracy": [0.6920582056045532, 0.7421510815620422, 0.7833191156387329, 0.8030097484588623, 0.8088550567626953, 0.812493085861206, 0.808887779712677, 0.8101226687431335, 0.8129885792732239, 0.8114894032478333, 0.8106362223625183, 0.8119940161705017, 0.8096916079521179, 0.809981107711792, 0.8112237453460693, 0.8117770552635193, 0.8107594847679138, 0.8110653758049011, 0.8117991089820862, 0.8132399916648865, 0.8106035590171814, 0.8111618757247925, 0.8124008178710938, 0.8131088018417358, 0.8123272061347961, 0.8121815919876099, 0.8112446069717407, 0.8127551078796387, 0.8126265406608582, 0.8127394318580627, 0.8123572468757629, 0.8112927675247192, 0.8112210035324097, 0.8126140832901001, 0.8130297064781189]}