{"loss": [7.135343074798584, 3.2416017055511475, 2.041459083557129, 1.7454333305358887, 1.6212754249572754, 1.5441888570785522, 1.554874062538147, 1.5402917861938477, 1.5207641124725342, 1.5285342931747437, 1.5342564582824707, 1.5207912921905518, 1.5287190675735474, 1.5266250371932983, 1.5147053003311157, 1.520133137702942, 1.5306487083435059, 1.5145225524902344, 1.5097637176513672, 1.4947679042816162, 1.5139309167861938, 1.5226963758468628, 1.507460117340088, 1.5042592287063599, 1.5167343616485596, 1.5103141069412231, 1.519723653793335, 1.5099505186080933, 1.5073785781860352, 1.5056184530258179, 1.5055756568908691, 1.5210247039794922, 1.511142611503601, 1.5140935182571411, 1.4979747533798218], "masked_accuracy": [0.11985649168491364, 0.36997121572494507, 0.5512896776199341, 0.6186443567276001, 0.6476560831069946, 0.6619977355003357, 0.6622744202613831, 0.6651973724365234, 0.6672717332839966, 0.6678454875946045, 0.6661942601203918, 0.6685606241226196, 0.6677367687225342, 0.6677547693252563, 0.6709285974502563, 0.668805718421936, 0.6680918335914612, 0.6695325970649719, 0.6711093187332153, 0.6737200021743774, 0.6703893542289734, 0.6684260368347168, 0.6714547276496887, 0.6712335348129272, 0.6698787212371826, 0.6711899638175964, 0.6697430610656738, 0.6708664894104004, 0.6725568771362305, 0.6718424558639526, 0.6717269420623779, 0.6694211363792419, 0.6706885099411011, 0.670989453792572, 0.6732123494148254], "categorical_accuracy": [0.7018105387687683, 0.7733803391456604, 0.8286200761795044, 0.8510836958885193, 0.8603702187538147, 0.8657543659210205, 0.8630671501159668, 0.8649984002113342, 0.8674874901771545, 0.866525411605835, 0.8653742074966431, 0.8666967749595642, 0.8651610016822815, 0.8649773001670837, 0.8662950992584229, 0.8666854500770569, 0.865645706653595, 0.8664283156394958, 0.8672066926956177, 0.868392288684845, 0.8661698698997498, 0.8661961555480957, 0.8673456907272339, 0.8683801889419556, 0.867280125617981, 0.8677962422370911, 0.8665030598640442, 0.8675618171691895, 0.8677791357040405, 0.8681236505508423, 0.8672785758972168, 0.8660899996757507, 0.8665050268173218, 0.8675041794776917, 0.8681693077087402]}