{"loss": [28.811994552612305, 28.485361099243164, 28.479530334472656, 28.487472534179688], "lm": "proteinBERT", "lr": 0.01, "batch": 64, "max_protein_len": 512, "reduced_dim": 32, "components": 10, "activation": "softmax", "suffix": ""}