{"loss": [0.3279755115509033, 0.272384375333786, 0.2333814799785614, 0.19783063232898712, 0.17000344395637512, 0.15002581477165222, 0.1372426301240921, 0.12785543501377106, 0.11889159679412842, 0.11307206004858017, 0.1091386154294014, 0.1053851991891861, 0.10306987911462784, 0.10206889361143112, 0.09896191954612732, 0.09730691462755203, 0.096724733710289, 0.09586545825004578, 0.09538757055997849, 0.09417546540498734, 0.09429053217172623, 0.09509904682636261, 0.09362956881523132, 0.09393155574798584, 0.09370523691177368, 0.09326164424419403, 0.09466752409934998, 0.09355980157852173, 0.0936703309416771, 0.09400346130132675, 0.0931568369269371, 0.0938098356127739, 0.09333823621273041, 0.09372764825820923, 0.0932624563574791], "masked_accuracy": [0.8290830850601196, 0.8596009612083435, 0.8966627717018127, 0.92918860912323, 0.9500454068183899, 0.9607780575752258, 0.9669501185417175, 0.9709393978118896, 0.9737814664840698, 0.9758893251419067, 0.976829469203949, 0.9780775904655457, 0.9788995981216431, 0.979356050491333, 0.980095386505127, 0.9804739952087402, 0.9808851480484009, 0.9808186292648315, 0.9812233448028564, 0.9816398024559021, 0.9815801382064819, 0.9817164540290833, 0.9819139838218689, 0.9817278385162354, 0.982050359249115, 0.9821746349334717, 0.9820498824119568, 0.9821556210517883, 0.9821864366531372, 0.982109546661377, 0.9823131561279297, 0.9821140766143799, 0.9820835590362549, 0.9823258519172668, 0.9822745323181152], "precision": [0.006978391669690609, 0.00875298585742712, 0.012210880406200886, 0.01776314713060856, 0.025346888229250908, 0.03288576006889343, 0.03878198191523552, 0.044400446116924286, 0.04929174855351448, 0.05296304076910019, 0.05634932965040207, 0.059501200914382935, 0.06196162849664688, 0.06371420621871948, 0.06583724170923233, 0.0676015242934227, 0.06847238540649414, 0.06986355036497116, 0.07123805582523346, 0.07206877321004868, 0.07237515598535538, 0.0724053829908371, 0.07319506257772446, 0.07409995049238205, 0.07372932881116867, 0.07473499327898026, 0.07415519654750824, 0.07459066063165665, 0.07449982315301895, 0.07500698417425156, 0.07497309893369675, 0.07433953881263733, 0.07473114877939224, 0.07488247752189636, 0.0753074660897255], "recall": [0.9329020380973816, 0.972262442111969, 0.9741857051849365, 0.961651086807251, 0.9490865468978882, 0.9401652216911316, 0.9291663765907288, 0.9231978058815002, 0.919650673866272, 0.9155289530754089, 0.9116533994674683, 0.9100382328033447, 0.9073749780654907, 0.9050659537315369, 0.9038887619972229, 0.9047366380691528, 0.901519238948822, 0.9013553261756897, 0.9024415612220764, 0.9025053977966309, 0.9006866812705994, 0.8987061977386475, 0.8997973203659058, 0.9011122584342957, 0.8996743559837341, 0.9005445241928101, 0.898949921131134, 0.8991318941116333, 0.8984476923942566, 0.8999242782592773, 0.8989766240119934, 0.8974648118019104, 0.8979171514511108, 0.8985941410064697, 0.8992931842803955]}