{"loss": [3.7965924739837646, 2.324676275253296, 1.9384403228759766, 1.892443060874939, 1.8773597478866577, 1.8581204414367676, 1.8791502714157104, 1.8783453702926636, 1.866059422492981, 1.8711950778961182, 1.873645305633545, 1.865646481513977, 1.8721216917037964, 1.8733770847320557, 1.8724113702774048, 1.8656288385391235, 1.8763989210128784, 1.869319200515747, 1.8600660562515259, 1.8553906679153442, 1.864268183708191, 1.8742847442626953, 1.8594012260437012, 1.8592290878295898, 1.8692708015441895, 1.862626075744629, 1.8717107772827148, 1.8646233081817627, 1.8667246103286743, 1.8684089183807373, 1.8605256080627441, 1.876524567604065, 1.87216055393219, 1.868350863456726, 1.862977385520935], "masked_accuracy": [0.16771544516086578, 0.42510297894477844, 0.5153602361679077, 0.5303268432617188, 0.5350044369697571, 0.538654625415802, 0.5353347063064575, 0.5362074375152588, 0.5374574661254883, 0.536693811416626, 0.5362144112586975, 0.538091242313385, 0.5367133617401123, 0.5372641086578369, 0.5376873016357422, 0.5379834771156311, 0.5368002653121948, 0.5379226803779602, 0.5393033027648926, 0.5404836535453796, 0.5389657020568848, 0.537260890007019, 0.5402811765670776, 0.5392508506774902, 0.5372815132141113, 0.5388475656509399, 0.5374554991722107, 0.538472592830658, 0.5391397476196289, 0.5376945734024048, 0.5399906635284424, 0.5365758538246155, 0.5374723076820374, 0.5386651754379272, 0.5388553142547607], "categorical_accuracy": [0.7111716270446777, 0.7851384282112122, 0.8133483529090881, 0.8190051317214966, 0.8202805519104004, 0.8221683502197266, 0.8183767795562744, 0.81913822889328, 0.8217149376869202, 0.8205029368400574, 0.8196313977241516, 0.8209812641143799, 0.8187523484230042, 0.8190230131149292, 0.8195573687553406, 0.8207668662071228, 0.8197829127311707, 0.8196731209754944, 0.8206419348716736, 0.8219212293624878, 0.8195116519927979, 0.8200131058692932, 0.8213797807693481, 0.8216382265090942, 0.8210493326187134, 0.8211038708686829, 0.819931149482727, 0.8211620450019836, 0.8208906054496765, 0.8209314346313477, 0.8212400078773499, 0.819731593132019, 0.8193402290344238, 0.8213597536087036, 0.8208973407745361]}