{"loss": [0.3679181635379791, 0.30433189868927, 0.2687377333641052, 0.23390863835811615, 0.20840971171855927, 0.19082044064998627, 0.1802976429462433, 0.1725241243839264, 0.16419191658496857, 0.15979108214378357, 0.15711912512779236, 0.15389516949653625, 0.15282125771045685, 0.15171244740486145, 0.14909975230693817, 0.1478835791349411, 0.1475962996482849, 0.14653345942497253, 0.14679183065891266, 0.14514869451522827, 0.1459539532661438, 0.1464475393295288, 0.14487966895103455, 0.14515148103237152, 0.1452004760503769, 0.14480313658714294, 0.14636372029781342, 0.1447109431028366, 0.1446860283613205, 0.14496289193630219, 0.14466087520122528, 0.14493685960769653, 0.14453977346420288, 0.14454376697540283, 0.14429722726345062], "masked_accuracy": [0.8028825521469116, 0.8534791469573975, 0.88368821144104, 0.9150459170341492, 0.9371727705001831, 0.9491049647331238, 0.9564729928970337, 0.9610579013824463, 0.9643846750259399, 0.9669464230537415, 0.9680596590042114, 0.9694023728370667, 0.9703831076622009, 0.9708694219589233, 0.9717172980308533, 0.9720281362533569, 0.9724776744842529, 0.9723077416419983, 0.9726070165634155, 0.9730628728866577, 0.9729904532432556, 0.9730378985404968, 0.9732677340507507, 0.972949743270874, 0.9733278751373291, 0.9733873009681702, 0.9731970429420471, 0.9734209775924683, 0.973393976688385, 0.973294198513031, 0.9734072089195251, 0.9732884764671326, 0.9733709692955017, 0.9734872579574585, 0.9734055995941162], "precision": [0.005503169726580381, 0.007764544803649187, 0.010263700038194656, 0.014080673456192017, 0.019199438393115997, 0.024210605770349503, 0.02809503674507141, 0.0317942313849926, 0.034823041409254074, 0.037107791751623154, 0.03924538195133209, 0.04101305082440376, 0.042369015514850616, 0.043543215841054916, 0.04456140846014023, 0.04518994316458702, 0.04562687128782272, 0.04624791070818901, 0.046823449432849884, 0.047183807939291, 0.04702025651931763, 0.04706309735774994, 0.047429315745830536, 0.04782262071967125, 0.047343909740448, 0.04793614521622658, 0.0475393570959568, 0.04795575886964798, 0.04774501174688339, 0.048102833330631256, 0.047812025994062424, 0.04739831015467644, 0.0478200763463974, 0.04772667959332466, 0.04793836176395416], "recall": [0.8474437594413757, 0.894707441329956, 0.9100286960601807, 0.8951895236968994, 0.8730887174606323, 0.8580211997032166, 0.835635781288147, 0.8269179463386536, 0.8201876282691956, 0.8100758194923401, 0.8039251565933228, 0.8021402955055237, 0.7950839400291443, 0.7944226861000061, 0.7917423844337463, 0.7928462028503418, 0.7875275015830994, 0.7899141311645508, 0.7911249399185181, 0.7920549511909485, 0.7884108424186707, 0.7865175008773804, 0.7886421084403992, 0.7915902733802795, 0.7874156832695007, 0.7902444005012512, 0.7876688241958618, 0.7884340286254883, 0.7878627777099609, 0.7912192940711975, 0.7881143093109131, 0.7861471772193909, 0.7876393795013428, 0.7873347997665405, 0.7899965047836304]}