{"loss": [30.366514205932617, 30.205751419067383, 30.199012756347656, 30.208236694335938], "lm": "proteinBERT", "lr": 0.01, "batch": 64, "max_protein_len": 512, "reduced_dim": 32, "components": 1, "activation": "softmax", "suffix": ""}