{"loss": [8.840442657470703, 8.151395797729492, 8.136458396911621, 8.149643898010254], "lm": "esm2", "lr": 0.01, "batch": 64, "max_protein_len": 512, "reduced_dim": 16, "components": 32, "activation": "sigmoid", "suffix": ""}