{"loss": [22.59288215637207, 19.358539581298828, 19.145008087158203, 19.03111457824707], "lm": "proteinBERT", "lr": 0.01, "batch": 64, "max_protein_len": 512, "reduced_dim": 64, "components": 100, "activation": "sigmoid", "suffix": ""}