{"loss": [3.546043872833252, 2.02451491355896, 1.6158983707427979, 1.5541322231292725, 1.5313340425491333, 1.531110405921936, 1.5312076807022095, 1.5343960523605347, 1.5247498750686646, 1.5229856967926025, 1.5173231363296509, 1.526391863822937, 1.52419912815094, 1.527962565422058, 1.5234442949295044, 1.5230330228805542, 1.529571294784546, 1.535378336906433, 1.5130807161331177, 1.5184494256973267, 1.5289411544799805, 1.520187497138977, 1.5180120468139648, 1.5192804336547852, 1.5246729850769043, 1.5282573699951172, 1.530997395515442, 1.5211927890777588, 1.509726881980896, 1.5165940523147583, 1.523295521736145, 1.5256142616271973, 1.5211879014968872, 1.5111278295516968, 1.5264838933944702], "masked_accuracy": [0.244388610124588, 0.505874752998352, 0.6071415543556213, 0.6265406608581543, 0.6305586695671082, 0.6309000849723816, 0.6303845047950745, 0.6305638551712036, 0.6327580213546753, 0.6330209970474243, 0.6342825293540955, 0.6317099928855896, 0.6331596970558167, 0.6323737502098083, 0.6330962181091309, 0.633259117603302, 0.6328960061073303, 0.6310796737670898, 0.6343547105789185, 0.6337904334068298, 0.6319709420204163, 0.6341217756271362, 0.6332610249519348, 0.6341103911399841, 0.6324756741523743, 0.6336833834648132, 0.6326674818992615, 0.6346335411071777, 0.6357855200767517, 0.6344659924507141, 0.6339685320854187, 0.6336715221405029, 0.6345656514167786, 0.6359381079673767, 0.6337190270423889], "categorical_accuracy": [0.6859893202781677, 0.7772909998893738, 0.8144345283508301, 0.8217694163322449, 0.8247560262680054, 0.8244646787643433, 0.8239853382110596, 0.822189211845398, 0.8244656920433044, 0.824285626411438, 0.8263439536094666, 0.8234283924102783, 0.82389897108078, 0.8245220184326172, 0.8258905410766602, 0.824222207069397, 0.8245635032653809, 0.823086678981781, 0.8253121376037598, 0.8249794244766235, 0.8244271874427795, 0.8249027729034424, 0.8250953555107117, 0.8251863718032837, 0.8233206868171692, 0.8250424265861511, 0.8238282799720764, 0.8245927095413208, 0.8265531063079834, 0.825340747833252, 0.8241643905639648, 0.8244600296020508, 0.8249530792236328, 0.8254945278167725, 0.8255829215049744]}