{"loss": [50.77792739868164, 44.43993377685547, 43.70452117919922, 43.76472091674805], "lm": "esm2", "lr": 0.01, "batch": 64, "max_protein_len": 512, "reduced_dim": 128, "components": 32, "activation": "softmax", "suffix": ""}