{"loss": [0.39845556020736694, 0.27673396468162537, 0.2273862659931183, 0.1873077005147934, 0.15658804774284363, 0.13461045920848846, 0.12076028436422348, 0.11039067804813385, 0.10087894648313522, 0.09459987282752991, 0.09032024443149567, 0.08613526821136475, 0.08377475291490555, 0.08217192441225052, 0.07896608859300613, 0.07742849737405777, 0.07671424746513367, 0.07558991760015488, 0.0749877393245697, 0.07360268384218216, 0.07375334948301315, 0.0743056982755661, 0.07288357615470886, 0.07325059920549393, 0.07266131788492203, 0.07202701270580292, 0.07349271327257156, 0.0723622739315033, 0.0724630355834961, 0.07278216630220413, 0.07211756706237793, 0.07261937111616135, 0.07226646691560745, 0.07253829389810562, 0.07213199138641357], "masked_accuracy": [0.8211301565170288, 0.8534744381904602, 0.8985565304756165, 0.9369325041770935, 0.959317147731781, 0.9697535037994385, 0.9752923250198364, 0.9787957668304443, 0.9811562299728394, 0.9828747510910034, 0.9835205674171448, 0.9845348000526428, 0.9851186871528625, 0.9854746460914612, 0.9860472083091736, 0.9862778186798096, 0.9865819811820984, 0.9864494800567627, 0.9868398308753967, 0.9871739149093628, 0.9870574474334717, 0.9871770143508911, 0.9873213171958923, 0.9871377348899841, 0.9874294996261597, 0.9875743985176086, 0.987454354763031, 0.9875447750091553, 0.9875484108924866, 0.9874702095985413, 0.9876397252082825, 0.9874563813209534, 0.9873901605606079, 0.9876315593719482, 0.9875917434692383], "precision": [0.00686794426292181, 0.008364494889974594, 0.012388086877763271, 0.01989472471177578, 0.03107449971139431, 0.042664241045713425, 0.05207531899213791, 0.06092230975627899, 0.068880595266819, 0.07467225193977356, 0.07992684841156006, 0.08455479145050049, 0.08848805725574493, 0.0910874456167221, 0.09442689269781113, 0.0970577672123909, 0.09839203953742981, 0.1002841368317604, 0.10228970646858215, 0.10364372283220291, 0.10413894802331924, 0.10375279933214188, 0.10501416772603989, 0.10606715083122253, 0.10577450692653656, 0.107807457447052, 0.10623108595609665, 0.10722667723894119, 0.10701311379671097, 0.10785403847694397, 0.1074952557682991, 0.10684584081172943, 0.10721079260110855, 0.10744384676218033, 0.10816606879234314], "recall": [0.9624398946762085, 0.9728946685791016, 0.9784907698631287, 0.9685786962509155, 0.9569867253303528, 0.9494935274124146, 0.9400089979171753, 0.934704601764679, 0.9322742223739624, 0.9292215704917908, 0.9257537126541138, 0.9247548580169678, 0.9226643443107605, 0.9214476943016052, 0.9209913611412048, 0.9215782284736633, 0.9190076589584351, 0.9193341732025146, 0.9201114773750305, 0.9207612872123718, 0.9197555184364319, 0.9177732467651367, 0.9188551306724548, 0.9197624325752258, 0.9188479781150818, 0.9202671647071838, 0.9179495573043823, 0.9187411069869995, 0.9179965257644653, 0.9196111559867859, 0.9184041619300842, 0.9175831079483032, 0.9177815318107605, 0.9182722568511963, 0.9186367392539978]}