{"loss": [3.834916114807129, 2.350574254989624, 1.8814364671707153, 1.739732265472412, 1.683135986328125, 1.6466801166534424, 1.6730854511260986, 1.6687211990356445, 1.6444445848464966, 1.6577728986740112, 1.6647015810012817, 1.6514118909835815, 1.6620471477508545, 1.6541627645492554, 1.6474978923797607, 1.6480387449264526, 1.6630219221115112, 1.6482739448547363, 1.6379435062408447, 1.629541277885437, 1.6489810943603516, 1.6580034494400024, 1.64047110080719, 1.6362651586532593, 1.6564059257507324, 1.6412593126296997, 1.6528832912445068, 1.6419191360473633, 1.6424167156219482, 1.641236424446106, 1.645664930343628, 1.6581428050994873, 1.6450446844100952, 1.6502656936645508, 1.637892484664917], "masked_accuracy": [0.18862025439739227, 0.47123295068740845, 0.5772466659545898, 0.6085922718048096, 0.6222031712532043, 0.6277074217796326, 0.6241117715835571, 0.6249749660491943, 0.6289209127426147, 0.6277526021003723, 0.6257817149162292, 0.6277081966400146, 0.6272789835929871, 0.628253698348999, 0.6298799514770508, 0.6289348602294922, 0.6271125078201294, 0.6284511089324951, 0.6312251091003418, 0.6324096322059631, 0.6292344927787781, 0.6270121335983276, 0.6307348012924194, 0.6302698254585266, 0.6271218657493591, 0.6304165124893188, 0.6284543871879578, 0.630526065826416, 0.6302627325057983, 0.6297652125358582, 0.6292983293533325, 0.627106785774231, 0.6301407217979431, 0.6288147568702698, 0.630685031414032], "categorical_accuracy": [0.7167962193489075, 0.799238383769989, 0.8324988484382629, 0.8433020710945129, 0.847862184047699, 0.8498630523681641, 0.8462429046630859, 0.8475063443183899, 0.8502636551856995, 0.8488050103187561, 0.8479147553443909, 0.8488951921463013, 0.8472765684127808, 0.847542405128479, 0.8484724164009094, 0.8493342399597168, 0.847839891910553, 0.8483216166496277, 0.8493724465370178, 0.8505215644836426, 0.8480360507965088, 0.8477720618247986, 0.8496032953262329, 0.8506274819374084, 0.8490257859230042, 0.8502300381660461, 0.8485914468765259, 0.850149929523468, 0.8496701121330261, 0.8503941297531128, 0.8491941690444946, 0.8476120233535767, 0.8488544225692749, 0.8492726683616638, 0.8498519062995911]}