{"loss": [44.46613693237305, 43.46699905395508, 43.457611083984375, 43.474143981933594], "lm": "proteinBERT", "lr": 0.01, "batch": 64, "max_protein_len": 512, "reduced_dim": 64, "components": 1, "activation": "softmax", "suffix": ""}