{"loss": [2.02654767036438, 1.8944872617721558, 1.8841586112976074, 1.8511906862258911, 1.8543144464492798, 1.840059518814087, 1.8476917743682861, 1.8501776456832886, 1.8229256868362427, 1.8341948986053467, 1.8300790786743164, 1.8274312019348145, 1.8364958763122559, 1.8380565643310547, 1.8274853229522705, 1.820431113243103, 1.8240242004394531, 1.8243340253829956, 1.8266552686691284, 1.8153913021087646, 1.8296735286712646, 1.8269164562225342, 1.8168830871582031, 1.8201830387115479, 1.8182880878448486, 1.8231407403945923, 1.8323028087615967, 1.8164949417114258, 1.8210184574127197, 1.819656491279602, 1.8154871463775635, 1.8186174631118774, 1.8276256322860718, 1.8136829137802124, 1.818533182144165], "masked_accuracy": [0.8084719777107239, 0.8405548334121704, 0.8480740189552307, 0.8586077094078064, 0.8686850070953369, 0.8758071064949036, 0.877574622631073, 0.8782243728637695, 0.8799824714660645, 0.8793239593505859, 0.8791323900222778, 0.8794426918029785, 0.8787301182746887, 0.8786285519599915, 0.8792549967765808, 0.8796164393424988, 0.8794204592704773, 0.8790591359138489, 0.8791640996932983, 0.8800166845321655, 0.8788857460021973, 0.8792421221733093, 0.8798063397407532, 0.8794846534729004, 0.8798007369041443, 0.8794847726821899, 0.8789726495742798, 0.8799212574958801, 0.8795979619026184, 0.8797153830528259, 0.8800274133682251, 0.8796719908714294, 0.8789949417114258, 0.8801310658454895, 0.8797830939292908], "precision": [0.004798286594450474, 0.004783939570188522, 0.004783790558576584, 0.004733027890324593, 0.0047330367378890514, 0.004751140717417002, 0.004505797289311886, 0.004456071183085442, 0.00444194907322526, 0.0043888334184885025, 0.004429884720593691, 0.00450861593708396, 0.00448068231344223, 0.004579428117722273, 0.004620121791958809, 0.004668378736823797, 0.004679304547607899, 0.004749858286231756, 0.004888938274234533, 0.004955599550157785, 0.004921466112136841, 0.005037550814449787, 0.0051160152070224285, 0.005258962977677584, 0.005245836451649666, 0.005346795078366995, 0.005423246417194605, 0.005492572207003832, 0.005528407637029886, 0.0056428383104503155, 0.0056843021884560585, 0.005693895276635885, 0.005753548815846443, 0.005867576692253351, 0.005938828457146883], "recall": [0.7160384058952332, 0.5981823801994324, 0.5603920817375183, 0.5211008787155151, 0.48311078548431396, 0.4520825445652008, 0.42758798599243164, 0.4174373745918274, 0.414442241191864, 0.41456910967826843, 0.4164554178714752, 0.4214341342449188, 0.4245578646659851, 0.4296211302280426, 0.4340305030345917, 0.4386591613292694, 0.44282713532447815, 0.44874587655067444, 0.45546677708625793, 0.46212074160575867, 0.46665096282958984, 0.4722502827644348, 0.4797424077987671, 0.48674526810646057, 0.4915310740470886, 0.4993818402290344, 0.5058577656745911, 0.5122742056846619, 0.5187053084373474, 0.5249196887016296, 0.5308048129081726, 0.5353127121925354, 0.5425511598587036, 0.5477365255355835, 0.5552824139595032]}