{"loss": [0.3330002427101135, 0.2791464328765869, 0.24353167414665222, 0.21067921817302704, 0.18562093377113342, 0.16793149709701538, 0.15676623582839966, 0.14858385920524597, 0.14063963294029236, 0.13553953170776367, 0.13257351517677307, 0.12929894030094147, 0.12765325605869293, 0.12730850279331207, 0.12467434257268906, 0.12328397482633591, 0.12296309322118759, 0.12242510169744492, 0.12261143326759338, 0.12126658856868744, 0.12171477824449539, 0.12262415885925293, 0.12120187282562256, 0.12179426103830338, 0.12121400982141495, 0.12114659696817398, 0.12262730300426483, 0.12161626666784286, 0.12172466516494751, 0.12191439419984818, 0.12132267653942108, 0.12192431837320328, 0.12146526575088501, 0.12159863859415054, 0.12142539024353027], "masked_accuracy": [0.8312619924545288, 0.860123336315155, 0.8934772610664368, 0.9237039685249329, 0.9435130953788757, 0.9538660049438477, 0.9600350260734558, 0.9640127420425415, 0.9669561982154846, 0.9691303968429565, 0.9701177477836609, 0.9714054465293884, 0.9722593426704407, 0.9726958870887756, 0.9734910130500793, 0.9738978743553162, 0.9743379950523376, 0.97422194480896, 0.9745442867279053, 0.9750421047210693, 0.9749413132667542, 0.9750435948371887, 0.9752423167228699, 0.9750148057937622, 0.9753865003585815, 0.975422203540802, 0.975276529788971, 0.9754308462142944, 0.9754267334938049, 0.9753358960151672, 0.9755697250366211, 0.9753710031509399, 0.9753124713897705, 0.9755734801292419, 0.9754780530929565], "precision": [0.006828727666288614, 0.008751020766794682, 0.011848803609609604, 0.016456658020615578, 0.022285863757133484, 0.027715342119336128, 0.031646765768527985, 0.03532882407307625, 0.03849061578512192, 0.040688082575798035, 0.04277128353714943, 0.04479251056909561, 0.0460939034819603, 0.047181982547044754, 0.04831063747406006, 0.049279019236564636, 0.04979192093014717, 0.05048177391290665, 0.05124257877469063, 0.051789797842502594, 0.051721248775720596, 0.05180349573493004, 0.05215414613485336, 0.05272866040468216, 0.052401721477508545, 0.05280061438679695, 0.05253203585743904, 0.052714280784130096, 0.05261760577559471, 0.05289978161454201, 0.05284634977579117, 0.05245562642812729, 0.05265561863780022, 0.05278699845075607, 0.05295053869485855], "recall": [0.899966835975647, 0.9637642502784729, 0.9650266766548157, 0.9471320509910583, 0.9285538792610168, 0.916047990322113, 0.9014477729797363, 0.8942176699638367, 0.888776957988739, 0.8836897015571594, 0.8782879710197449, 0.8768218755722046, 0.8724290728569031, 0.8698479533195496, 0.8677850961685181, 0.8681339025497437, 0.8649495840072632, 0.8647176623344421, 0.8655022382736206, 0.8660185933113098, 0.8635222911834717, 0.8617224097251892, 0.8629811406135559, 0.8642708659172058, 0.8626280426979065, 0.8637107610702515, 0.8619074821472168, 0.8611589074134827, 0.8609985113143921, 0.8631168007850647, 0.8612251281738281, 0.8601208329200745, 0.860517144203186, 0.8614396452903748, 0.8625850677490234]}