{"loss": [41.78156661987305, 39.957340240478516, 39.91339111328125, 39.91661834716797], "lm": "protT5", "lr": 0.01, "batch": 64, "max_protein_len": 512, "reduced_dim": 64, "components": 32, "activation": "softmax", "suffix": ""}