{"loss": [3.6902880668640137, 2.0879149436950684, 1.6473424434661865, 1.499348759651184, 1.4244890213012695, 1.3788498640060425, 1.3974231481552124, 1.389866590499878, 1.366570234298706, 1.3770323991775513, 1.3831908702850342, 1.3694593906402588, 1.3802293539047241, 1.37319016456604, 1.3646323680877686, 1.3655731678009033, 1.3809398412704468, 1.3633984327316284, 1.354933738708496, 1.346510410308838, 1.3649682998657227, 1.3745633363723755, 1.3566268682479858, 1.352371096611023, 1.3711050748825073, 1.357279658317566, 1.3687905073165894, 1.3587496280670166, 1.3567805290222168, 1.3576991558074951, 1.3610228300094604, 1.3727327585220337, 1.360106110572815, 1.3674583435058594, 1.354853868484497], "masked_accuracy": [0.23339635133743286, 0.5306838154792786, 0.6297987699508667, 0.6615915298461914, 0.6789356470108032, 0.687163770198822, 0.6851341128349304, 0.6864910125732422, 0.690645694732666, 0.6897271871566772, 0.6879849433898926, 0.6906537413597107, 0.6895653605461121, 0.6906408071517944, 0.6927392482757568, 0.6915033459663391, 0.6895816922187805, 0.691843569278717, 0.6942515969276428, 0.6952981352806091, 0.6923307180404663, 0.6899862289428711, 0.6939448118209839, 0.693311870098114, 0.6910075545310974, 0.693237841129303, 0.6916606426239014, 0.693692147731781, 0.6938431859016418, 0.692995011806488, 0.6929193139076233, 0.6904162764549255, 0.6933107376098633, 0.6914272308349609, 0.6936538815498352], "categorical_accuracy": [0.7296144962310791, 0.8185639381408691, 0.849876880645752, 0.8608983159065247, 0.8670908212661743, 0.870017945766449, 0.8670449256896973, 0.8685169816017151, 0.8711886405944824, 0.869925856590271, 0.8690127730369568, 0.8701537847518921, 0.8685700297355652, 0.8687386512756348, 0.8698724508285522, 0.8705589175224304, 0.8690226674079895, 0.8699200749397278, 0.8708690404891968, 0.8718359470367432, 0.869549572467804, 0.8692443370819092, 0.8710433840751648, 0.872085690498352, 0.8707131743431091, 0.8717416524887085, 0.8701016306877136, 0.8715546727180481, 0.8711908459663391, 0.8719603419303894, 0.8707790374755859, 0.8690587878227234, 0.8703934550285339, 0.8705076575279236, 0.8712496757507324]}