{"loss": [5.106301307678223, 3.3722593784332275, 1.2155638933181763, 1.0937963724136353, 1.0150011777877808, 0.9794140458106995, 0.9593080282211304, 0.9437402486801147, 0.9248806834220886, 0.9182125926017761, 0.907532274723053, 0.9126461744308472, 0.900161623954773, 0.8989964723587036, 0.8904058933258057, 0.8927505016326904, 0.8939206004142761, 0.8939672112464905, 0.8831607103347778, 0.8797023892402649, 0.8750783801078796, 0.8728749752044678, 0.8765178918838501, 0.8720831274986267, 0.8734456300735474, 0.8776898384094238, 0.8799852728843689, 0.8687285780906677, 0.8640182614326477, 0.8696286678314209, 0.8688600659370422, 0.876010000705719, 0.8737959861755371, 0.8573679327964783, 0.871613621711731], "masked_accuracy": [0.37451171875, 0.5932939052581787, 0.7426364421844482, 0.7674677968025208, 0.7828376293182373, 0.7894224524497986, 0.7942622303962708, 0.7973438501358032, 0.800420880317688, 0.8027915358543396, 0.8036679029464722, 0.8029543161392212, 0.8048890829086304, 0.8054177761077881, 0.8070496916770935, 0.8065089583396912, 0.8069139719009399, 0.8067610859870911, 0.8081948757171631, 0.8095226287841797, 0.8096623420715332, 0.8098224401473999, 0.8090132474899292, 0.8097773194313049, 0.8100892901420593, 0.8100364804267883, 0.8091171979904175, 0.8112138509750366, 0.8121641278266907, 0.8107069730758667, 0.811038076877594, 0.8092465400695801, 0.8106958866119385, 0.8133336305618286, 0.8111627101898193], "categorical_accuracy": [0.7414907813072205, 0.8204051852226257, 0.8721880912780762, 0.880203902721405, 0.8872330784797668, 0.8890900611877441, 0.8904430270195007, 0.8898037075996399, 0.892318844795227, 0.892512857913971, 0.894493818283081, 0.8926758170127869, 0.8936073184013367, 0.8939974904060364, 0.8957316875457764, 0.8940861821174622, 0.8944970369338989, 0.8936421275138855, 0.8948627710342407, 0.8958005309104919, 0.895736575126648, 0.8958643674850464, 0.8959712982177734, 0.8960363268852234, 0.8946555256843567, 0.8957497477531433, 0.894476592540741, 0.8958515524864197, 0.8970353603363037, 0.8956976532936096, 0.895818293094635, 0.8954404592514038, 0.8956595659255981, 0.8969753980636597, 0.89662766456604]}