{"loss": [0.46440574526786804, 0.31062015891075134, 0.2661220133304596, 0.22521986067295074, 0.19421334564685822, 0.17201553285121918, 0.15811115503311157, 0.14753016829490662, 0.1372753232717514, 0.1313532143831253, 0.127347931265831, 0.1229773536324501, 0.12092801183462143, 0.11900316923856735, 0.11577828228473663, 0.11426690965890884, 0.1136728972196579, 0.11204696446657181, 0.11193913966417313, 0.11005983501672745, 0.11082292348146439, 0.11103499680757523, 0.10949361324310303, 0.10946755111217499, 0.10958525538444519, 0.10894947499036789, 0.11049633473157883, 0.1089342013001442, 0.10876912623643875, 0.10903584212064743, 0.10876120626926422, 0.1090063527226448, 0.10862091928720474, 0.10890813916921616, 0.10836809873580933], "masked_accuracy": [0.7922376990318298, 0.8422265648841858, 0.8759744763374329, 0.9140180945396423, 0.9414753913879395, 0.9561260342597961, 0.9645124077796936, 0.9697586297988892, 0.9732632637023926, 0.9758437275886536, 0.9769846200942993, 0.9783777594566345, 0.9792861938476562, 0.979851484298706, 0.9806397557258606, 0.9809010028839111, 0.9813231825828552, 0.9812339544296265, 0.9815731644630432, 0.9820290803909302, 0.9819296002388, 0.9820314049720764, 0.9822232723236084, 0.9820001125335693, 0.9823031425476074, 0.9824376702308655, 0.9822824001312256, 0.9824501872062683, 0.9824602007865906, 0.9823738932609558, 0.9824786186218262, 0.9823625087738037, 0.9824052453041077, 0.982492208480835, 0.982504665851593], "precision": [0.005364245735108852, 0.0072875781916081905, 0.009665118530392647, 0.013976563699543476, 0.020778371021151543, 0.028453564271330833, 0.035124219954013824, 0.04179273545742035, 0.04748079553246498, 0.05207926779985428, 0.056270353496074677, 0.05987275391817093, 0.0627669245004654, 0.06524034589529037, 0.06761868298053741, 0.0689578652381897, 0.07028624415397644, 0.07176314294338226, 0.07275997847318649, 0.07370804995298386, 0.0737990289926529, 0.0739460438489914, 0.07471942901611328, 0.07543808966875076, 0.07474245131015778, 0.07615604251623154, 0.07528205215930939, 0.0759689137339592, 0.07603492587804794, 0.07641907781362534, 0.07609714567661285, 0.07561942934989929, 0.07617052644491196, 0.07587314397096634, 0.07652238011360168], "recall": [0.874633252620697, 0.910932719707489, 0.9276409149169922, 0.9173364639282227, 0.8999566435813904, 0.8898561000823975, 0.8738394379615784, 0.8677732348442078, 0.8639491200447083, 0.8564120531082153, 0.8514134883880615, 0.8504147529602051, 0.8454930186271667, 0.844832181930542, 0.8433883786201477, 0.8439979553222656, 0.8390839695930481, 0.8423500657081604, 0.8425992131233215, 0.8441469073295593, 0.8404219150543213, 0.8391121625900269, 0.8410965204238892, 0.8440662026405334, 0.8403934836387634, 0.8433823585510254, 0.8398454785346985, 0.840873122215271, 0.8409278392791748, 0.8435572385787964, 0.8411248922348022, 0.8391927480697632, 0.8407900929450989, 0.8400543928146362, 0.8425279259681702]}