{"loss": [3.9365992546081543, 2.500431537628174, 2.100210428237915, 1.9973372220993042, 1.9512598514556885, 1.9386472702026367, 1.9336037635803223, 1.9331386089324951, 1.9251080751419067, 1.9211879968643188, 1.9148950576782227, 1.9323406219482422, 1.9153679609298706, 1.9145931005477905, 1.9149080514907837, 1.9218090772628784, 1.923249363899231, 1.936949372291565, 1.9166450500488281, 1.9147192239761353, 1.9199382066726685, 1.9162228107452393, 1.9151601791381836, 1.9112378358840942, 1.9200111627578735, 1.9166584014892578, 1.9240704774856567, 1.9117605686187744, 1.908368706703186, 1.9101934432983398, 1.918289303779602, 1.9180148839950562, 1.9197356700897217, 1.9049893617630005, 1.911183476448059], "masked_accuracy": [0.17809686064720154, 0.4401288330554962, 0.5282113552093506, 0.5519165396690369, 0.5614961385726929, 0.5638374090194702, 0.5654774904251099, 0.5656769275665283, 0.566717267036438, 0.5686609745025635, 0.5686191916465759, 0.5653883814811707, 0.5681918263435364, 0.5690174698829651, 0.5683143734931946, 0.5677652955055237, 0.567764401435852, 0.5646356344223022, 0.5675378441810608, 0.5692034363746643, 0.5670902132987976, 0.5690642595291138, 0.5680851936340332, 0.569083034992218, 0.5670177936553955, 0.5688542723655701, 0.5668521523475647, 0.5694779753684998, 0.569027304649353, 0.5687839388847351, 0.5676981210708618, 0.5689143538475037, 0.5686944127082825, 0.5710315108299255, 0.5697866082191467], "categorical_accuracy": [0.6632313132286072, 0.750697910785675, 0.7813231945037842, 0.7899553775787354, 0.794461190700531, 0.7949184775352478, 0.7952725291252136, 0.7931438684463501, 0.7946025133132935, 0.7950811386108398, 0.7969993352890015, 0.7935234904289246, 0.7949118614196777, 0.7960432171821594, 0.7970468401908875, 0.794577419757843, 0.7949274778366089, 0.7930238246917725, 0.7949928641319275, 0.7958879470825195, 0.7952709197998047, 0.7952207326889038, 0.7958981394767761, 0.7959432601928711, 0.7935746908187866, 0.7962498664855957, 0.7939018607139587, 0.7950183749198914, 0.7966594099998474, 0.7957389950752258, 0.7944604754447937, 0.7954333424568176, 0.7950243949890137, 0.7962870001792908, 0.796995222568512]}