{"loss": [28.499801635742188, 26.103837966918945, 26.096094131469727, 25.94523048400879], "lm": "protT5", "lr": 0.01, "batch": 64, "max_protein_len": 512, "reduced_dim": 64, "components": 32, "activation": "sigmoid", "suffix": ""}