{"loss": [5.280372619628906, 2.3864965438842773, 1.3960061073303223, 1.2352423667907715, 1.1373918056488037, 1.0955449342727661, 1.0707857608795166, 1.054472804069519, 1.0353989601135254, 1.0300120115280151, 1.0190753936767578, 1.0254530906677246, 1.0128709077835083, 1.01224684715271, 1.0034624338150024, 1.0064247846603394, 1.0077440738677979, 1.0086740255355835, 0.996687114238739, 0.9946214556694031, 0.9907612800598145, 0.9883687496185303, 0.9925170540809631, 0.9876649975776672, 0.9906238317489624, 0.9946587085723877, 0.9970297813415527, 0.9842069149017334, 0.9801235795021057, 0.9865935444831848, 0.9861023426055908, 0.9934679269790649, 0.9914172291755676, 0.9747821688652039, 0.9891944527626038], "masked_accuracy": [0.2908528745174408, 0.5803313851356506, 0.7042711973190308, 0.7380081415176392, 0.7571380138397217, 0.7652161121368408, 0.7706717848777771, 0.7742713689804077, 0.777752161026001, 0.7798267602920532, 0.7810183763504028, 0.780288577079773, 0.7820245623588562, 0.7822710275650024, 0.7839542627334595, 0.7832721471786499, 0.7840577363967896, 0.7834483981132507, 0.7852140665054321, 0.7863238453865051, 0.786472737789154, 0.7869262099266052, 0.7856402397155762, 0.7864999771118164, 0.7863669991493225, 0.7866326570510864, 0.785494863986969, 0.787972629070282, 0.7888115048408508, 0.7870053052902222, 0.7873998284339905, 0.7858455777168274, 0.7870140671730042, 0.7897495627403259, 0.7876496911048889], "categorical_accuracy": [0.709978461265564, 0.8138259053230286, 0.8571585416793823, 0.8686783313751221, 0.8772278428077698, 0.8796662092208862, 0.8813132643699646, 0.8807796239852905, 0.883371889591217, 0.8836456537246704, 0.885718584060669, 0.8838678002357483, 0.8847708106040955, 0.8851519227027893, 0.8868483304977417, 0.8851181864738464, 0.8856632113456726, 0.8845834732055664, 0.8859376311302185, 0.8867982029914856, 0.8867822885513306, 0.8869829177856445, 0.886961817741394, 0.8869925737380981, 0.8854620456695557, 0.886827826499939, 0.8853382468223572, 0.8868693709373474, 0.8880287408828735, 0.8866068720817566, 0.886640191078186, 0.8863909840583801, 0.8865661025047302, 0.8878350257873535, 0.8875254988670349]}