{"loss": [1.0346742868423462, 0.3775074779987335, 0.3108680248260498, 0.26841211318969727, 0.2379157990217209, 0.2160934954881668, 0.20179934799671173, 0.19116412103176117, 0.18069270253181458, 0.1745426505804062, 0.17008325457572937, 0.16586661338806152, 0.16340027749538422, 0.16187261044979095, 0.15796257555484772, 0.1562282145023346, 0.15487176179885864, 0.1532559096813202, 0.15327242016792297, 0.15099887549877167, 0.15132372081279755, 0.15143394470214844, 0.14965157210826874, 0.14998924732208252, 0.149276465177536, 0.14912959933280945, 0.15058022737503052, 0.14881457388401031, 0.14848388731479645, 0.1487724632024765, 0.14834977686405182, 0.1484498679637909, 0.14831973612308502, 0.1483505219221115, 0.14777585864067078], "masked_accuracy": [0.8008601069450378, 0.8328143954277039, 0.8614199757575989, 0.8950711488723755, 0.9206381440162659, 0.9356827735900879, 0.9454411268234253, 0.9517603516578674, 0.9563623666763306, 0.959806501865387, 0.9618104696273804, 0.9637719392776489, 0.9651785492897034, 0.9661222696304321, 0.9674368500709534, 0.9680363535881042, 0.9688788652420044, 0.9689808487892151, 0.9694671034812927, 0.9701937437057495, 0.9702891111373901, 0.9705474376678467, 0.9709596633911133, 0.970748782157898, 0.9712713956832886, 0.9714193344116211, 0.9713529944419861, 0.9715628027915955, 0.97170490026474, 0.9716639518737793, 0.9717957973480225, 0.9717470407485962, 0.971720814704895, 0.971980094909668, 0.971940279006958], "precision": [0.004642636515200138, 0.006055406294763088, 0.008242313750088215, 0.011076880618929863, 0.014824138022959232, 0.018680159002542496, 0.021817918866872787, 0.025035545229911804, 0.02776886336505413, 0.029787233099341393, 0.03204076737165451, 0.03385226055979729, 0.03523096442222595, 0.036554526537656784, 0.03795981407165527, 0.038905393332242966, 0.0396854542195797, 0.04068518429994583, 0.04159337282180786, 0.04218157380819321, 0.04248508810997009, 0.04288486763834953, 0.04341818392276764, 0.044115740805864334, 0.043965697288513184, 0.04461346194148064, 0.04456117004156113, 0.044952597469091415, 0.04505053907632828, 0.04545319825410843, 0.04530513659119606, 0.04523196816444397, 0.04533899575471878, 0.04543916508555412, 0.045764438807964325], "recall": [0.7199321985244751, 0.7927759289741516, 0.8737891912460327, 0.8848212361335754, 0.8780621290206909, 0.8739513158798218, 0.8604236841201782, 0.8560645580291748, 0.8517467975616455, 0.8436630368232727, 0.8370305895805359, 0.8344485759735107, 0.8282002210617065, 0.8254056572914124, 0.8224535584449768, 0.8215236663818359, 0.8161863088607788, 0.8186518549919128, 0.8177925944328308, 0.8183215260505676, 0.814814567565918, 0.8124606013298035, 0.8124846816062927, 0.8144899010658264, 0.8112767338752747, 0.8126107454299927, 0.8096462488174438, 0.8106604814529419, 0.8102411031723022, 0.8120760917663574, 0.809533953666687, 0.8081027269363403, 0.8086569905281067, 0.8084972500801086, 0.8117056488990784]}