{"loss": [4.053853988647461, 2.754570960998535, 2.29472017288208, 2.1952664852142334, 2.1613833904266357, 2.129539728164673, 2.1586124897003174, 2.156341791152954, 2.1312310695648193, 2.146177291870117, 2.1512229442596436, 2.1381425857543945, 2.14935040473938, 2.139587640762329, 2.137579917907715, 2.136740207672119, 2.150465488433838, 2.1366875171661377, 2.125803232192993, 2.1177978515625, 2.1369452476501465, 2.1453514099121094, 2.1274945735931396, 2.1240074634552, 2.145267963409424, 2.13193678855896, 2.1409528255462646, 2.1305532455444336, 2.132261276245117, 2.1287660598754883, 2.13362717628479, 2.147355079650879, 2.1340253353118896, 2.1382012367248535, 2.1262292861938477], "masked_accuracy": [0.13957668840885162, 0.37547072768211365, 0.4803200364112854, 0.5024346113204956, 0.5108181834220886, 0.5154091715812683, 0.5106691122055054, 0.5112907886505127, 0.515291154384613, 0.5140891075134277, 0.5125293135643005, 0.5142317414283752, 0.5137673020362854, 0.5153626203536987, 0.5155726075172424, 0.5152333378791809, 0.5142331123352051, 0.5145254135131836, 0.5170338153839111, 0.5185155868530273, 0.5160496234893799, 0.5138197541236877, 0.5166589617729187, 0.5160091519355774, 0.5131426453590393, 0.5159714818000793, 0.5151843428611755, 0.5163697600364685, 0.5156664848327637, 0.5159480571746826, 0.5159221291542053, 0.5127760171890259, 0.5164951682090759, 0.5151039361953735, 0.5168933868408203], "categorical_accuracy": [0.7029387950897217, 0.7682666182518005, 0.7994799613952637, 0.807256817817688, 0.8098188042640686, 0.8117278814315796, 0.807504415512085, 0.8086097240447998, 0.8117153644561768, 0.8100625872612, 0.8093279004096985, 0.8104822635650635, 0.8085343837738037, 0.8090716004371643, 0.8097764849662781, 0.8106808662414551, 0.8094696402549744, 0.8094573616981506, 0.8106702566146851, 0.8119919300079346, 0.8093140721321106, 0.8093869090080261, 0.8109160661697388, 0.8117727041244507, 0.8103083372116089, 0.811106264591217, 0.8099130392074585, 0.8115547895431519, 0.8108973503112793, 0.8115361332893372, 0.8106878995895386, 0.8089994192123413, 0.8100490570068359, 0.810873806476593, 0.8110402226448059]}