{"loss": [3.842180013656616, 1.9135043621063232, 1.5130804777145386, 1.384493112564087, 1.3139593601226807, 1.2675319910049438, 1.2825140953063965, 1.2708767652511597, 1.2474764585494995, 1.2555450201034546, 1.261536955833435, 1.2470051050186157, 1.25641930103302, 1.2491809129714966, 1.238662600517273, 1.2395532131195068, 1.2543905973434448, 1.2370163202285767, 1.228537678718567, 1.2190383672714233, 1.236782193183899, 1.246981143951416, 1.230114221572876, 1.224918246269226, 1.2430776357650757, 1.2288028001785278, 1.2414418458938599, 1.2315542697906494, 1.2292345762252808, 1.2291591167449951, 1.2317308187484741, 1.2430776357650757, 1.2310235500335693, 1.239080548286438, 1.2257325649261475], "masked_accuracy": [0.2687675356864929, 0.5700633525848389, 0.6595800518989563, 0.6868273019790649, 0.7034809589385986, 0.7120078206062317, 0.710260272026062, 0.7127443552017212, 0.717037558555603, 0.7170726656913757, 0.7150218486785889, 0.7180610299110413, 0.7171041369438171, 0.7180703282356262, 0.7205334305763245, 0.7192647457122803, 0.7178802490234375, 0.7198007106781006, 0.7221789360046387, 0.723698616027832, 0.7206810116767883, 0.7181512117385864, 0.7223417162895203, 0.7219820022583008, 0.719517707824707, 0.7218751907348633, 0.7200374603271484, 0.7221991419792175, 0.7223390936851501, 0.7213878631591797, 0.7215924859046936, 0.7194855809211731, 0.7220737338066101, 0.7202363014221191, 0.7227582335472107], "categorical_accuracy": [0.7403963804244995, 0.8314655423164368, 0.8597754836082458, 0.8692912459373474, 0.8752453327178955, 0.8782917261123657, 0.8755459785461426, 0.8773699402809143, 0.8799801468849182, 0.8790377378463745, 0.8780859708786011, 0.8792921900749207, 0.8777549862861633, 0.8779739737510681, 0.8791700601577759, 0.8798008561134338, 0.8783407211303711, 0.8793849349021912, 0.8801724314689636, 0.8812195658683777, 0.8790289163589478, 0.8787102699279785, 0.880532443523407, 0.8815863132476807, 0.880247950553894, 0.8812499642372131, 0.8795820474624634, 0.8810319900512695, 0.880692183971405, 0.8814395666122437, 0.8803932070732117, 0.8787521719932556, 0.880000650882721, 0.8800876140594482, 0.8809119462966919]}