{"loss": [19.55965805053711, 18.81463623046875, 18.731399536132812, 18.65576171875], "lm": "proteinBERT", "lr": 0.01, "batch": 64, "max_protein_len": 512, "reduced_dim": 32, "components": 10, "activation": "sigmoid", "suffix": ""}