{"loss": [2.1798954010009766, 1.9901484251022339, 1.966132640838623, 1.9270073175430298, 1.9269548654556274, 1.906279444694519, 1.2103488445281982, 0.15445463359355927, 0.13875719904899597, 0.1297064870595932, 0.1232106164097786, 0.11730659008026123, 0.1134396344423294, 0.11073680967092514, 0.10587778687477112, 0.10343023389577866, 0.1013408750295639, 0.09906040877103806, 0.0979926809668541, 0.09529663622379303, 0.09521564841270447, 0.0948139876127243, 0.09264548122882843, 0.09224937111139297, 0.09133327007293701, 0.09064824134111404, 0.09157272428274155, 0.08997549116611481, 0.08922424167394638, 0.08926767855882645, 0.08870044350624084, 0.08880060166120529, 0.088516466319561, 0.08831404149532318, 0.08760154247283936], "masked_accuracy": [0.7984437942504883, 0.8286579847335815, 0.836759626865387, 0.8452976942062378, 0.8506616950035095, 0.8561787009239197, 0.8918349146842957, 0.9645602703094482, 0.9722179770469666, 0.9763281345367432, 0.9783053994178772, 0.9801658391952515, 0.9813358187675476, 0.9821616411209106, 0.9832050800323486, 0.9835630655288696, 0.9842185378074646, 0.9842714667320251, 0.9848023056983948, 0.9853342771530151, 0.9853187799453735, 0.9855419993400574, 0.9857903718948364, 0.9856793880462646, 0.9860755801200867, 0.9862370491027832, 0.9862170219421387, 0.9863134622573853, 0.9864598512649536, 0.9864211678504944, 0.9865376949310303, 0.9864284992218018, 0.9863656759262085, 0.986682116985321, 0.9866570234298706], "precision": [0.005616369191557169, 0.006705174222588539, 0.0072336154989898205, 0.007606064900755882, 0.007923200726509094, 0.008378511294722557, 0.011017358861863613, 0.035498954355716705, 0.04577969014644623, 0.05322905629873276, 0.06013256683945656, 0.06579587608575821, 0.07058710604906082, 0.07454917579889297, 0.07929898053407669, 0.08198124170303345, 0.08511388301849365, 0.08812413364648819, 0.09064722061157227, 0.09289906173944473, 0.09432528167963028, 0.0952424705028534, 0.09712865203619003, 0.09888142347335815, 0.09907513856887817, 0.10138542205095291, 0.10068502277135849, 0.10196981579065323, 0.1029127910733223, 0.10371578484773636, 0.10380695760250092, 0.10363064706325531, 0.10368374735116959, 0.10478795319795609, 0.1052728146314621], "recall": [0.8717268705368042, 0.8862742185592651, 0.8996952176094055, 0.9085023403167725, 0.9146047234535217, 0.9207935929298401, 0.9185652732849121, 0.9052530527114868, 0.9007131457328796, 0.8949756622314453, 0.8915730714797974, 0.8913447856903076, 0.8889103531837463, 0.8868973255157471, 0.8871136903762817, 0.8881611227989197, 0.8845065236091614, 0.8876813054084778, 0.8874441981315613, 0.8888643980026245, 0.8864805698394775, 0.8855339884757996, 0.8864160180091858, 0.8886856436729431, 0.8866841793060303, 0.8885892033576965, 0.8854199051856995, 0.8868414163589478, 0.8868112564086914, 0.8888814449310303, 0.8871963024139404, 0.8858596682548523, 0.8871042728424072, 0.8868622779846191, 0.8887321949005127]}