{"loss": [6.871946811676025, 3.2907445430755615, 1.6650089025497437, 1.4349370002746582, 1.3191111087799072, 1.2364569902420044, 1.238481044769287, 1.2167961597442627, 1.194908857345581, 1.1963399648666382, 1.199305534362793, 1.1851550340652466, 1.1927224397659302, 1.191536545753479, 1.1754555702209473, 1.1807963848114014, 1.1908254623413086, 1.1738686561584473, 1.1680703163146973, 1.1542565822601318, 1.1712851524353027, 1.1806639432907104, 1.1671607494354248, 1.162662148475647, 1.1740914583206177, 1.1669018268585205, 1.1780534982681274, 1.1688851118087769, 1.1660540103912354, 1.1640440225601196, 1.1636571884155273, 1.1786624193191528, 1.1687120199203491, 1.17119562625885, 1.1582002639770508], "masked_accuracy": [0.20105969905853271, 0.4797373116016388, 0.6429631114006042, 0.6923487186431885, 0.7179652452468872, 0.7332799434661865, 0.7351668477058411, 0.7394989132881165, 0.742375910282135, 0.7443099617958069, 0.7426965236663818, 0.7453663349151611, 0.7448499798774719, 0.744601309299469, 0.7480161786079407, 0.7459478974342346, 0.7456697225570679, 0.7472655773162842, 0.7491742968559265, 0.7513616681098938, 0.7486147284507751, 0.7460116744041443, 0.7493504881858826, 0.7493705153465271, 0.7481836676597595, 0.7493389844894409, 0.7472943067550659, 0.7487272024154663, 0.7502300143241882, 0.7492817044258118, 0.7500405311584473, 0.7472843527793884, 0.7486538290977478, 0.7490076422691345, 0.750867486000061], "categorical_accuracy": [0.7259493470191956, 0.8102226257324219, 0.8602268695831299, 0.8767456412315369, 0.8849649429321289, 0.8905394673347473, 0.8885453343391418, 0.8908558487892151, 0.8934604525566101, 0.8929435014724731, 0.891769528388977, 0.8931283950805664, 0.8917731046676636, 0.8916292190551758, 0.8929306864738464, 0.8932334184646606, 0.8922228217124939, 0.8933846354484558, 0.8940590620040894, 0.8950623869895935, 0.8931512236595154, 0.893048882484436, 0.8941478133201599, 0.8952374458312988, 0.8942152857780457, 0.8947456479072571, 0.8933643698692322, 0.894279420375824, 0.8944955468177795, 0.8949743509292603, 0.8942512273788452, 0.8927559852600098, 0.8934227228164673, 0.8942219614982605, 0.8948942422866821]}