{"loss": [1.323915719985962, 0.29054659605026245, 0.21622967720031738, 0.17147475481033325, 0.13786429166793823, 0.11242184042930603, 0.09461693465709686, 0.08038937300443649, 0.06802990287542343, 0.0591573491692543, 0.051490236073732376, 0.04509681463241577, 0.04005308821797371, 0.035676635801792145, 0.03211922198534012, 0.028458841145038605, 0.025801533833146095, 0.02351202815771103, 0.021576691418886185, 0.01972624845802784, 0.018327884376049042, 0.017000937834382057, 0.01576746441423893, 0.014821793884038925, 0.013886258006095886, 0.013139152899384499, 0.012512258253991604, 0.01180562749505043, 0.011266565881669521, 0.010806893929839134, 0.010338222607970238, 0.00993635319173336, 0.009595437906682491, 0.009249409660696983, 0.008988792076706886], "masked_accuracy": [0.8013439178466797, 0.8330895900726318, 0.8869338631629944, 0.9649728536605835, 0.9948471784591675, 0.9975640773773193, 0.9974935054779053, 0.9976741075515747, 0.9976121783256531, 0.9977654814720154, 0.997381329536438, 0.9975941181182861, 0.9975408315658569, 0.9975734949111938, 0.9974850416183472, 0.9975157380104065, 0.9975892901420593, 0.9972712397575378, 0.9975417852401733, 0.9976821541786194, 0.9975075721740723, 0.9976963400840759, 0.9976263642311096, 0.9975290894508362, 0.9977495670318604, 0.9977595210075378, 0.9978534579277039, 0.9977916479110718, 0.9977760910987854, 0.9978138208389282, 0.9978697299957275, 0.997739315032959, 0.9976630806922913, 0.9978975653648376, 0.9978745579719543], "precision": [0.004774622153490782, 0.006016098894178867, 0.008362761698663235, 0.016989201307296753, 0.05781805142760277, 0.23363974690437317, 0.6183655858039856, 0.9036116600036621, 0.8929471969604492, 0.8857818245887756, 0.8793793320655823, 0.8811149597167969, 0.882299542427063, 0.3994199335575104, 0.07255752384662628, 0.8780895471572876, 0.8941895961761475, 0.9021545052528381, 0.9101646542549133, 0.9159398078918457, 0.9224104285240173, 0.9269428253173828, 0.9333452582359314, 0.9365940093994141, 0.9361305832862854, 0.9370726346969604, 0.9370619058609009, 0.9347591400146484, 0.932837963104248, 0.9303485751152039, 0.9283604621887207, 0.9253280758857727, 0.9219459295272827, 0.917655348777771, 0.9137083888053894], "recall": [0.7390899062156677, 0.7883045673370361, 0.728463888168335, 0.4434642493724823, 0.1423061192035675, 0.022439463064074516, 0.0017972070490941405, 0.0016260080737993121, 0.009075554087758064, 0.01047497522085905, 0.011010266840457916, 0.01137380301952362, 0.011641220189630985, 0.01244067121297121, 0.012909021228551865, 0.012937654741108418, 0.013754046522080898, 0.015617305412888527, 0.01809799112379551, 0.021267130970954895, 0.023792600259184837, 0.0277700275182724, 0.033176977187395096, 0.03903678059577942, 0.04313230887055397, 0.04950331896543503, 0.056477226316928864, 0.06463545560836792, 0.07184336334466934, 0.0793708935379982, 0.0875372663140297, 0.09425944834947586, 0.10196717828512192, 0.11090162396430969, 0.12045284360647202]}