{"loss": [0.7577231526374817, 0.3395960330963135, 0.2776739299297333, 0.23015518486499786, 0.19613154232501984, 0.17210222780704498, 0.1571175903081894, 0.14565874636173248, 0.13477694988250732, 0.12829481065273285, 0.12385598570108414, 0.11907897889614105, 0.11682750284671783, 0.11467768996953964, 0.11121943593025208, 0.10959543287754059, 0.10886778682470322, 0.10710711032152176, 0.10689843446016312, 0.10501755774021149, 0.10574965178966522, 0.10585177689790726, 0.10426999628543854, 0.1042352244257927, 0.10420610010623932, 0.10354318469762802, 0.10515574365854263, 0.10354740917682648, 0.1033080518245697, 0.10361628234386444, 0.10322976112365723, 0.10358872264623642, 0.10303820669651031, 0.10337017476558685, 0.10276449471712112], "masked_accuracy": [0.7787169814109802, 0.8331860899925232, 0.8654006123542786, 0.9070974588394165, 0.9386860132217407, 0.9555901885032654, 0.9648885726928711, 0.9706486463546753, 0.9744062423706055, 0.977139413356781, 0.9783650040626526, 0.979804515838623, 0.9807291626930237, 0.981334924697876, 0.9821062088012695, 0.9823749661445618, 0.9827992916107178, 0.9827141165733337, 0.9830653071403503, 0.9835055470466614, 0.9833992123603821, 0.9835104942321777, 0.9836974143981934, 0.9834799766540527, 0.9838010668754578, 0.9839276671409607, 0.9837781190872192, 0.9839488863945007, 0.9839475154876709, 0.9838584661483765, 0.9839977025985718, 0.9838413000106812, 0.9839151501655579, 0.9839928150177002, 0.9840287566184998], "precision": [0.005140292923897505, 0.006812477950006723, 0.008827965706586838, 0.012826982885599136, 0.019702162593603134, 0.02801542915403843, 0.03547929599881172, 0.043039631098508835, 0.049620870500802994, 0.05506033077836037, 0.05999394506216049, 0.0641968622803688, 0.06761985272169113, 0.0705638974905014, 0.07334604114294052, 0.07494345307350159, 0.07654634863138199, 0.07834283262491226, 0.07943686097860336, 0.08053574711084366, 0.08069736510515213, 0.0809270367026329, 0.0817817747592926, 0.08261916041374207, 0.08203539252281189, 0.08356089144945145, 0.08246342092752457, 0.08342894911766052, 0.0834413692355156, 0.08378967642784119, 0.08362013101577759, 0.08300244808197021, 0.08378490805625916, 0.08327891677618027, 0.08416907489299774], "recall": [0.8937287926673889, 0.9037799835205078, 0.9271047711372375, 0.9203352332115173, 0.904071033000946, 0.8943965435028076, 0.8788553476333618, 0.8725651502609253, 0.8689925074577332, 0.8615273237228394, 0.8567196130752563, 0.8555899858474731, 0.8509280681610107, 0.850117564201355, 0.8491017818450928, 0.8497280478477478, 0.8447626233100891, 0.8483076691627502, 0.8484654426574707, 0.8498044013977051, 0.8462842702865601, 0.8450927734375, 0.8470054268836975, 0.8499211072921753, 0.8465449810028076, 0.849576473236084, 0.8457030057907104, 0.8471365571022034, 0.8468987345695496, 0.8497359156608582, 0.8475160002708435, 0.8456019759178162, 0.8472604155540466, 0.8464083671569824, 0.8488249182701111]}