{"loss": [18.01715850830078, 17.917165756225586, 17.908523559570312, 17.915157318115234], "lm": "protT5", "lr": 0.01, "batch": 64, "max_protein_len": 512, "reduced_dim": 16, "components": 32, "activation": "softmax", "suffix": ""}