{"loss": [50.75237274169922, 45.1059684753418, 44.60369110107422, 44.5486946105957], "lm": "protT5", "lr": 0.01, "batch": 64, "max_protein_len": 512, "reduced_dim": 128, "components": 32, "activation": "softmax", "suffix": ""}