{"loss": [40.70978927612305, 38.978660583496094, 38.674991607666016, 38.66864013671875], "lm": "proteinBERT", "lr": 0.01, "batch": 64, "max_protein_len": 512, "reduced_dim": 64, "components": 32, "activation": "softmax", "suffix": ""}