{"loss": [0.29607492685317993, 0.21898594498634338, 0.1791653037071228, 0.1378004103899002, 0.10274382680654526, 0.07744331657886505, 0.06071140244603157, 0.04839958995580673, 0.038731131702661514, 0.03204428404569626, 0.026738999411463737, 0.022593611851334572, 0.019456909969449043, 0.01690947450697422, 0.014721271581947803, 0.01303882710635662, 0.011694326996803284, 0.01058886293321848, 0.009693971835076809, 0.008872123435139656, 0.008260639384388924, 0.007740603759884834, 0.00722174346446991, 0.006879637949168682, 0.006512082181870937, 0.006219606846570969, 0.0060334522277116776, 0.00576854357495904, 0.005585057195276022, 0.005450276657938957, 0.005279083736240864, 0.00515723368152976, 0.005044073797762394, 0.004942831117659807, 0.004868373740464449], "masked_accuracy": [0.8249640464782715, 0.8852359056472778, 0.9877297282218933, 0.9975805282592773, 0.9977278113365173, 0.9976786971092224, 0.997551679611206, 0.997734546661377, 0.9976532459259033, 0.9978049993515015, 0.9974333643913269, 0.9976654648780823, 0.9976295232772827, 0.9977030158042908, 0.9977332949638367, 0.9977065920829773, 0.9978187084197998, 0.9975490570068359, 0.9978700876235962, 0.9980509281158447, 0.9979093670845032, 0.9981302618980408, 0.9980946183204651, 0.9980206489562988, 0.9982563257217407, 0.998292088508606, 0.9983977675437927, 0.9983436465263367, 0.9983345866203308, 0.9983819723129272, 0.9984363317489624, 0.9983014464378357, 0.9982243180274963, 0.9984593987464905, 0.9984370470046997], "categorical_accuracy": [0.7411180734634399, 0.7203518152236938, 0.7173213958740234, 0.7520684003829956, 0.8253167867660522, 0.8604779839515686, 0.8667032718658447, 0.8717063665390015, 0.8767770528793335, 0.8780728578567505, 0.878817081451416, 0.8815967440605164, 0.8816007971763611, 0.8828887939453125, 0.8851024508476257, 0.8870522975921631, 0.8867363929748535, 0.8878523111343384, 0.8899570107460022, 0.891300618648529, 0.8901199102401733, 0.8901267051696777, 0.8919198513031006, 0.8929042816162109, 0.8926167488098145, 0.8936300277709961, 0.8925081491470337, 0.8936040997505188, 0.8935085535049438, 0.8941937685012817, 0.8940913677215576, 0.8925853371620178, 0.8930339813232422, 0.8945457339286804, 0.8945903182029724]}