{"loss": [0.6781419515609741, 0.2771805226802826, 0.21351131796836853, 0.1635962873697281, 0.12567134201526642, 0.09794577211141586, 0.07919140160083771, 0.06484037637710571, 0.05309039726853371, 0.04479515179991722, 0.03795965015888214, 0.032453153282403946, 0.028195859864354134, 0.024605704471468925, 0.02149050496518612, 0.0190055500715971, 0.016994792968034744, 0.015300791710615158, 0.013910435140132904, 0.012616146355867386, 0.01164945587515831, 0.010777493938803673, 0.009964491240680218, 0.009366507641971111, 0.008781585842370987, 0.008298443630337715, 0.007932796142995358, 0.007498955819755793, 0.007183903828263283, 0.006925155408680439, 0.006658483762294054, 0.006436634808778763, 0.006228678394109011, 0.006060970481485128, 0.005916704423725605], "masked_accuracy": [0.7829363346099854, 0.8342610597610474, 0.8843930959701538, 0.9644160866737366, 0.9958333373069763, 0.9975758194923401, 0.9975103139877319, 0.9976986050605774, 0.9976170063018799, 0.9977671504020691, 0.9973856806755066, 0.997603714466095, 0.9975578188896179, 0.9976162314414978, 0.9976384043693542, 0.9976184964179993, 0.9977357983589172, 0.9974756240844727, 0.9978045225143433, 0.997999370098114, 0.99786376953125, 0.9980936050415039, 0.9980541467666626, 0.9979869723320007, 0.9982197284698486, 0.9982587099075317, 0.9983711838722229, 0.9983173608779907, 0.9983116388320923, 0.9983624815940857, 0.998414933681488, 0.9982843399047852, 0.9982154369354248, 0.9984459280967712, 0.9984282851219177], "precision": [0.0050857397727668285, 0.0058749038726091385, 0.007064306642860174, 0.012084808200597763, 0.04061855748295784, 0.20232824981212616, 0.5927767753601074, 0.7564622759819031, 0.832841694355011, 0.8596674203872681, 0.8822235465049744, 0.8998857736587524, 0.9179363250732422, 0.9380871057510376, 0.9506356716156006, 0.9608829617500305, 0.965420126914978, 0.9701141119003296, 0.9741145968437195, 0.974748432636261, 0.9736207127571106, 0.9720674157142639, 0.9699282050132751, 0.9694823622703552, 0.9675037264823914, 0.9646357297897339, 0.96293705701828, 0.9601337313652039, 0.9569741487503052, 0.9574241042137146, 0.9514286518096924, 0.9495655298233032, 0.947175145149231, 0.943615734577179, 0.9427409172058105], "recall": [0.866092324256897, 0.7718322277069092, 0.6362012624740601, 0.32300829887390137, 0.06440433114767075, 0.015582972206175327, 0.011032589711248875, 0.010898853652179241, 0.011216606944799423, 0.011600039899349213, 0.012634864076972008, 0.015061771497130394, 0.018821801990270615, 0.026874063536524773, 0.0385875329375267, 0.056268949061632156, 0.07579726725816727, 0.10303937643766403, 0.13137872517108917, 0.16068008542060852, 0.1813202202320099, 0.20241917669773102, 0.22613541781902313, 0.24799928069114685, 0.25932061672210693, 0.28342312574386597, 0.2973601222038269, 0.3119584619998932, 0.32465142011642456, 0.34008491039276123, 0.3455343544483185, 0.35342660546302795, 0.368306040763855, 0.3741586208343506, 0.3862334191799164]}