{"loss": [29.017547607421875, 28.682889938354492, 28.678462982177734, 28.68722915649414], "lm": "protT5", "lr": 0.01, "batch": 64, "max_protein_len": 512, "reduced_dim": 32, "components": 32, "activation": "softmax", "suffix": ""}