{"loss": [1.0327692031860352, 0.277534157037735, 0.21180512011051178, 0.1710469275712967, 0.13869708776474, 0.11338314414024353, 0.09552028775215149, 0.08119652420282364, 0.06875143945217133, 0.05981594696640968, 0.05210910364985466, 0.0456889308989048, 0.04062408581376076, 0.03619012609124184, 0.03221757709980011, 0.028973430395126343, 0.02631032094359398, 0.024029171094298363, 0.02211565151810646, 0.020290609449148178, 0.018918363377451897, 0.01762833446264267, 0.016431093215942383, 0.015526617877185345, 0.014613295905292034, 0.013904991559684277, 0.01331537775695324, 0.012636073864996433, 0.012128726579248905, 0.01170316245406866, 0.011258651502430439, 0.01087771262973547, 0.01056480873376131, 0.010243188589811325, 0.010019064880907536], "masked_accuracy": [0.8037168979644775, 0.8367705941200256, 0.8930177688598633, 0.9706535935401917, 0.9954848289489746, 0.9975550174713135, 0.997492253780365, 0.9976724982261658, 0.9975841045379639, 0.9977509379386902, 0.9973759651184082, 0.9975902438163757, 0.9975361824035645, 0.9975782036781311, 0.9975713491439819, 0.9975084662437439, 0.9975815415382385, 0.9972583055496216, 0.9975249767303467, 0.9976599812507629, 0.9974822402000427, 0.9976635575294495, 0.9975804686546326, 0.9974714517593384, 0.9976840615272522, 0.9976822137832642, 0.9977619647979736, 0.997684895992279, 0.997658908367157, 0.9976846575737, 0.9977293610572815, 0.9975892901420593, 0.9975018501281738, 0.9977270364761353, 0.9976925253868103], "precision": [0.00450368644669652, 0.005357158835977316, 0.007404565345495939, 0.014109580777585506, 0.03887035325169563, 0.12291707843542099, 0.3334842026233673, 0.6842105388641357, 0.8962998986244202, 0.896252453327179, 0.8862136006355286, 0.8819665312767029, 0.8798703551292419, 0.8788372278213501, 0.8810831904411316, 0.8858335018157959, 0.8860470056533813, 0.891208827495575, 0.8932049870491028, 0.8962797522544861, 0.8989746570587158, 0.8987073302268982, 0.9021879434585571, 0.9045138955116272, 0.9024597406387329, 0.9029282331466675, 0.9027367234230042, 0.8997328281402588, 0.9003270268440247, 0.8938847780227661, 0.8927242755889893, 0.8847618699073792, 0.8789066076278687, 0.8714649677276611, 0.8661336898803711], "recall": [0.6884616613388062, 0.6860386729240417, 0.6088762879371643, 0.302359014749527, 0.07119586318731308, 0.008777114562690258, 0.0006227359408512712, 3.2916850614128634e-05, 0.00039322415250353515, 0.007441396359354258, 0.010045021772384644, 0.010722572915256023, 0.010843190364539623, 0.011103848926723003, 0.01112301368266344, 0.011307395994663239, 0.011365496553480625, 0.011623911559581757, 0.011907841078937054, 0.012292956933379173, 0.012441123835742474, 0.012994187884032726, 0.013941789977252483, 0.015005776658654213, 0.015727711841464043, 0.017088724300265312, 0.01871812902390957, 0.021032225340604782, 0.022923052310943604, 0.025298818945884705, 0.02791065350174904, 0.029958751052618027, 0.03255373239517212, 0.03623026981949806, 0.039828021079301834]}