{"loss": [7.118720054626465, 4.2141900062561035, 1.4438508749008179, 1.2632029056549072, 1.1642714738845825, 1.0872567892074585, 1.0887264013290405, 1.0642956495285034, 1.0403436422348022, 1.040653944015503, 1.0407826900482178, 1.024937391281128, 1.0306240320205688, 1.0289974212646484, 1.0110818147659302, 1.0156571865081787, 1.0241323709487915, 1.0065933465957642, 1.0003993511199951, 0.9870846271514893, 1.0033516883850098, 1.0119521617889404, 0.9986634850502014, 0.9937789440155029, 1.0036340951919556, 0.997731626033783, 1.0074067115783691, 0.9981005191802979, 0.9963119626045227, 0.9938700199127197, 0.9929944276809692, 1.0077040195465088, 0.9988676309585571, 1.0013577938079834, 0.9883117079734802], "masked_accuracy": [0.2621457278728485, 0.5081332921981812, 0.6939783096313477, 0.730125367641449, 0.7513803243637085, 0.7653703093528748, 0.7672224044799805, 0.771818995475769, 0.7751540541648865, 0.7773339152336121, 0.7761998772621155, 0.7789730429649353, 0.7790775299072266, 0.7787107229232788, 0.7826623320579529, 0.780676007270813, 0.7804163694381714, 0.782512903213501, 0.784284234046936, 0.786500871181488, 0.7839609384536743, 0.7817591428756714, 0.7847745418548584, 0.7848806381225586, 0.7840421199798584, 0.785197913646698, 0.783123791217804, 0.7848286032676697, 0.7855934500694275, 0.7848160862922668, 0.7859428524971008, 0.7831822633743286, 0.7841487526893616, 0.7845656275749207, 0.7866876125335693], "categorical_accuracy": [0.7461696267127991, 0.8217406868934631, 0.8780688643455505, 0.8898724317550659, 0.8965734839439392, 0.9016461968421936, 0.8996201157569885, 0.9019642472267151, 0.9045599699020386, 0.9041749835014343, 0.9031970500946045, 0.9045111536979675, 0.9034035205841064, 0.903250515460968, 0.9047625064849854, 0.9050002098083496, 0.9039994478225708, 0.9054058790206909, 0.9059891700744629, 0.9069473743438721, 0.9051803946495056, 0.9051880240440369, 0.906062126159668, 0.907214343547821, 0.9062907695770264, 0.9068530201911926, 0.9054738879203796, 0.906428873538971, 0.9064192771911621, 0.9070402383804321, 0.9064270853996277, 0.9048717617988586, 0.9055203795433044, 0.9061988592147827, 0.9069247245788574]}