{"loss": [42.783023834228516, 41.168025970458984, 41.16550064086914, 41.17844009399414], "lm": "protT5", "lr": 0.01, "batch": 64, "max_protein_len": 512, "reduced_dim": 64, "components": 10, "activation": "softmax", "suffix": ""}