{"loss": [3.2352051734924316, 1.748067855834961, 1.3838165998458862, 1.3354978561401367, 1.3159667253494263, 1.295526385307312, 1.3155021667480469, 1.3154397010803223, 1.30084228515625, 1.3037710189819336, 1.310713291168213, 1.3016339540481567, 1.3062416315078735, 1.3091377019882202, 1.3038021326065063, 1.3003007173538208, 1.3114887475967407, 1.3046789169311523, 1.2947063446044922, 1.2881981134414673, 1.2967387437820435, 1.3109619617462158, 1.293971300125122, 1.2951405048370361, 1.3043824434280396, 1.29490065574646, 1.3071597814559937, 1.3006291389465332, 1.298957109451294, 1.302880883216858, 1.2959709167480469, 1.3123611211776733, 1.3041843175888062, 1.3015997409820557, 1.2993135452270508], "masked_accuracy": [0.2841998338699341, 0.5803850889205933, 0.6696366667747498, 0.6830958724021912, 0.6885347962379456, 0.6921023726463318, 0.6886619329452515, 0.6889989972114563, 0.6913308501243591, 0.6913256049156189, 0.6893897652626038, 0.6914868354797363, 0.6906227469444275, 0.6909527778625488, 0.6917744874954224, 0.6918836236000061, 0.6900822520256042, 0.6913310289382935, 0.6932820677757263, 0.6946690678596497, 0.6933693289756775, 0.6904386878013611, 0.694110631942749, 0.6929400563240051, 0.6911426186561584, 0.6930973529815674, 0.6911332011222839, 0.6921111941337585, 0.6929143071174622, 0.6915374994277954, 0.6934636831283569, 0.6904750466346741, 0.6915127038955688, 0.6925313472747803, 0.692290723323822], "categorical_accuracy": [0.74564129114151, 0.8368954658508301, 0.8659230470657349, 0.870884358882904, 0.8729813098907471, 0.8746497631072998, 0.8712257146835327, 0.8720048666000366, 0.8742758631706238, 0.8737033605575562, 0.8722841143608093, 0.8736332058906555, 0.8720441460609436, 0.8720256090164185, 0.8726431131362915, 0.8737285137176514, 0.8725078701972961, 0.8726081848144531, 0.8738070726394653, 0.8746777772903442, 0.8729773759841919, 0.8725957870483398, 0.8741127848625183, 0.8746086359024048, 0.873918890953064, 0.8743844628334045, 0.873130202293396, 0.8740392923355103, 0.8739273548126221, 0.8741402626037598, 0.8739100098609924, 0.8724240660667419, 0.8725420832633972, 0.8741686344146729, 0.8736477494239807]}