{"loss": [2104.569091796875, 1476.4796142578125], "lm": "esm2", "lr": 0.01, "batch": 64, "max_protein_len": 512}