{"loss": [0.4737115502357483, 0.24549533426761627, 0.20208251476287842, 0.15895509719848633, 0.12338634580373764, 0.0966552346944809, 0.0783546045422554, 0.0642838403582573, 0.05271662399172783, 0.04454277455806732, 0.03780212625861168, 0.03237135708332062, 0.028168855234980583, 0.024629585444927216, 0.0215590950101614, 0.019120031967759132, 0.017151720821857452, 0.01549688633531332, 0.014140700921416283, 0.01287395041435957, 0.01192949153482914, 0.01107680145651102, 0.010277089662849903, 0.00969321746379137, 0.009114033542573452, 0.008642537519335747, 0.008282831870019436, 0.00785328820347786, 0.007541842758655548, 0.007285943254828453, 0.007022069301456213, 0.006800336297601461, 0.006592242047190666, 0.006426183506846428, 0.006282338872551918], "masked_accuracy": [0.782913327217102, 0.8433499336242676, 0.9066442847251892, 0.9817487001419067, 0.9973776340484619, 0.9976292848587036, 0.99751216173172, 0.9976972937583923, 0.9976134300231934, 0.9977617859840393, 0.9973798394203186, 0.9975962042808533, 0.9975479245185852, 0.9975971579551697, 0.9976004362106323, 0.997557520866394, 0.9976544380187988, 0.9973674416542053, 0.9976760745048523, 0.9978554844856262, 0.9977129101753235, 0.9979391098022461, 0.9978992342948914, 0.9978324770927429, 0.998069703578949, 0.9981120228767395, 0.9982267618179321, 0.9981788396835327, 0.9981767535209656, 0.998231053352356, 0.9982882738113403, 0.9981599450111389, 0.9980932474136353, 0.9983270168304443, 0.9983109831809998], "precision": [0.005007379222661257, 0.005709330551326275, 0.006787904538214207, 0.011554192751646042, 0.05956105887889862, 0.4707733988761902, 0.7739006280899048, 0.8387739062309265, 0.8639973998069763, 0.8746194839477539, 0.8822119235992432, 0.8940035104751587, 0.9065013527870178, 0.9221487045288086, 0.9364864230155945, 0.9483948945999146, 0.9559949040412903, 0.9626678824424744, 0.9682419300079346, 0.9705133438110352, 0.9704636931419373, 0.9703338742256165, 0.9689221978187561, 0.9682602286338806, 0.9662582278251648, 0.9633609652519226, 0.9622926115989685, 0.9586324691772461, 0.9559862017631531, 0.9541187882423401, 0.9487766623497009, 0.9462709426879883, 0.9443092942237854, 0.9399549961090088, 0.9375385642051697], "recall": [0.8524999022483826, 0.7073271870613098, 0.4903237223625183, 0.14619913697242737, 0.016169512644410133, 0.008824529126286507, 0.008951379917562008, 0.009775460697710514, 0.0103152459487319, 0.010563845746219158, 0.011126113124191761, 0.012293086387217045, 0.014096484519541264, 0.01797223836183548, 0.02339145727455616, 0.031103510409593582, 0.040266506373882294, 0.05459851399064064, 0.07125886529684067, 0.09105804562568665, 0.10647802799940109, 0.12601470947265625, 0.1468181163072586, 0.16811887919902802, 0.18140749633312225, 0.20500579476356506, 0.22129185497760773, 0.23779338598251343, 0.2525792419910431, 0.2693693935871124, 0.2777424156665802, 0.2869821786880493, 0.3025457561016083, 0.3107142448425293, 0.3237137198448181]}