{"loss": [44.65916442871094, 43.70855712890625, 43.703582763671875, 43.71501541137695], "lm": "protT5", "lr": 0.01, "batch": 64, "max_protein_len": 512, "reduced_dim": 64, "components": 1, "activation": "softmax", "suffix": ""}