{"loss": [0.30039042234420776, 0.22528567910194397, 0.19287890195846558, 0.15413929522037506, 0.12045061588287354, 0.0946679338812828, 0.07689228653907776, 0.0631866604089737, 0.051899638026952744, 0.04392000660300255, 0.03734351322054863, 0.03205694258213043, 0.027981244027614594, 0.024568499997258186, 0.02160532772541046, 0.019258946180343628, 0.01736748404800892, 0.015791108831763268, 0.014500629156827927, 0.01328770536929369, 0.012385762296617031, 0.011573843657970428, 0.010810385458171368, 0.010262859053909779, 0.009701812639832497, 0.009259394370019436, 0.008923705667257309, 0.008507443591952324, 0.008204543963074684, 0.007960262708365917, 0.007703463081270456, 0.007486643269658089, 0.0072891185991466045, 0.00712500000372529, 0.006997997406870127], "masked_accuracy": [0.7983294725418091, 0.8626378774642944, 0.9488492608070374, 0.9953330755233765, 0.9976744651794434, 0.9976340532302856, 0.9975088238716125, 0.9976944923400879, 0.9976117014884949, 0.997759997844696, 0.9973763823509216, 0.9975888133049011, 0.9975362420082092, 0.9975824356079102, 0.99757981300354, 0.9975228309631348, 0.9975996613502502, 0.997285008430481, 0.9975631833076477, 0.9977179765701294, 0.9975569248199463, 0.9977600574493408, 0.9977018237113953, 0.9976193904876709, 0.9978508353233337, 0.9978787302970886, 0.9979866743087769, 0.9979338049888611, 0.9979339838027954, 0.9979828596115112, 0.9980455636978149, 0.997918963432312, 0.9978514909744263, 0.9980879426002502, 0.9980682134628296], "precision": [0.005127427633851767, 0.005740383639931679, 0.007222618907690048, 0.016687583178281784, 0.3035130500793457, 0.7333269119262695, 0.8274819850921631, 0.8601385951042175, 0.8680253624916077, 0.8766917586326599, 0.8801137208938599, 0.8857993483543396, 0.8924301862716675, 0.9002346992492676, 0.9088682532310486, 0.9197105765342712, 0.9245378971099854, 0.9332081079483032, 0.9412063956260681, 0.9446923136711121, 0.9462258219718933, 0.9481326937675476, 0.947813868522644, 0.9469333291053772, 0.9438327550888062, 0.9413093328475952, 0.9405349493026733, 0.9357345700263977, 0.9315550923347473, 0.9287534356117249, 0.9236835241317749, 0.9194186329841614, 0.9159404039382935, 0.9106729626655579, 0.9063591361045837], "recall": [0.8111869096755981, 0.6212108135223389, 0.2789751887321472, 0.029288602992892265, 0.00706334225833416, 0.0065181502141058445, 0.007117193192243576, 0.008828045800328255, 0.00981565285474062, 0.010057304054498672, 0.010405667126178741, 0.010867007076740265, 0.011331552639603615, 0.01252782717347145, 0.013966292142868042, 0.016292182728648186, 0.018805215135216713, 0.0231044702231884, 0.028267040848731995, 0.035534873604774475, 0.04167542606592178, 0.0507507398724556, 0.06131583824753761, 0.07294618338346481, 0.08168471604585648, 0.0957237109541893, 0.10820639878511429, 0.1215188205242157, 0.1344153881072998, 0.1487216353416443, 0.15905283391475677, 0.1686757206916809, 0.18144626915454865, 0.19133302569389343, 0.20267269015312195]}