{"loss": [0.2634509801864624, 0.21830584108829498, 0.1894526183605194, 0.15227805078029633, 0.11928393691778183, 0.09385611861944199, 0.07628435641527176, 0.06274013221263885, 0.05158541724085808, 0.04371270164847374, 0.037243179976940155, 0.03205837309360504, 0.028067879378795624, 0.024741079658269882, 0.02184845693409443, 0.0195683054625988, 0.01773439534008503, 0.0162246935069561, 0.014998589642345905, 0.013843066059052944, 0.012987392954528332, 0.012227936647832394, 0.011511100456118584, 0.011013212613761425, 0.010475371964275837, 0.010075036436319351, 0.009772714227437973, 0.009379006922245026, 0.00910746119916439, 0.008893521502614021, 0.008651732467114925, 0.008446642197668552, 0.008270720019936562, 0.008117771707475185, 0.008015395142138004], "masked_accuracy": [0.8076732754707336, 0.8863014578819275, 0.9767141342163086, 0.9972946643829346, 0.9976896047592163, 0.9976344704627991, 0.9975082874298096, 0.9976929426193237, 0.9976091384887695, 0.9977566599845886, 0.9973732829093933, 0.9975834488868713, 0.9975300431251526, 0.997570812702179, 0.997561514377594, 0.9975008964538574, 0.9975752830505371, 0.9972569346427917, 0.9975261092185974, 0.9976657629013062, 0.9974920153617859, 0.9976760745048523, 0.9975975751876831, 0.9974941611289978, 0.9977126717567444, 0.9977219104766846, 0.9978132247924805, 0.9977455735206604, 0.9977300763130188, 0.9977641701698303, 0.9978145360946655, 0.9976811408996582, 0.997600257396698, 0.997830331325531, 0.9977995753288269], "precision": [0.005024987738579512, 0.005563882179558277, 0.00716736726462841, 0.04161261022090912, 0.5851792693138123, 0.783572793006897, 0.8410922884941101, 0.8646868467330933, 0.8693680167198181, 0.8703436851501465, 0.8724992871284485, 0.876937985420227, 0.8802783489227295, 0.8843340873718262, 0.8894316554069519, 0.8960678577423096, 0.8996771574020386, 0.9036674499511719, 0.9071362614631653, 0.9081999063491821, 0.9076514840126038, 0.9061546921730042, 0.9027057886123657, 0.897899329662323, 0.8894034028053284, 0.88465416431427, 0.8790882229804993, 0.8712062835693359, 0.8621944785118103, 0.8534033298492432, 0.8449553847312927, 0.8361361622810364, 0.8287555575370789, 0.8215488195419312, 0.8148645758628845], "recall": [0.7604993581771851, 0.49582648277282715, 0.11828594654798508, 0.008698415011167526, 0.006192313507199287, 0.006224220618605614, 0.006944551598280668, 0.00850288663059473, 0.009376078844070435, 0.009640892967581749, 0.009957079775631428, 0.010187951847910881, 0.010106127709150314, 0.010256459936499596, 0.010239522904157639, 0.010624903254210949, 0.011053451336920261, 0.012071099132299423, 0.013381443917751312, 0.015352779068052769, 0.0172477588057518, 0.02006068266928196, 0.02355927787721157, 0.027695028111338615, 0.03126222640275955, 0.036650724709033966, 0.041979968547821045, 0.04807405173778534, 0.05391107127070427, 0.06029753014445305, 0.066105917096138, 0.0713246539235115, 0.07717867195606232, 0.08343514800071716, 0.08947858959436417]}