{"loss": [0.06439678370952606, 0.05485184118151665, 0.05491442605853081, 0.055078454315662384, 0.055067650973796844, 0.054874662309885025, 0.055168598890304565, 0.055189087986946106, 0.05482315644621849, 0.05489196628332138], "acc": [0.9877732396125793, 0.9889357686042786, 0.98893141746521, 0.9888924360275269, 0.9887593388557434, 0.9889660477638245, 0.9890319108963013, 0.9888706207275391, 0.9889566898345947, 0.9890273809432983], "precision": [0.021348049864172935, 0.8809036016464233, 0.8463157415390015, 0.8843448162078857, 0.8835138082504272, 0.8859583735466003, 0.8817129135131836, 0.8887472748756409, 0.8896281123161316, 0.8897125124931335], "recall": [0.005786941386759281, 0.005452015437185764, 0.005496792495250702, 0.005506793037056923, 0.005441013723611832, 0.005424125585705042, 0.005487591028213501, 0.005517237354069948, 0.005436704959720373, 0.0054496233351528645], "lm": "proteinBERT", "lr": 0.1, "batch": 64, "max_protein_len": 512, "dim": 32, "activation": "sigmoid", "suffix": "_test"}