{"loss": [2.083784341812134, 1.9122729301452637, 1.8931268453598022, 1.853890299797058, 1.8567290306091309, 1.8410431146621704, 1.8489962816238403, 1.8503377437591553, 1.8234785795211792, 1.8337681293487549, 1.8307766914367676, 1.8256473541259766, 1.8380285501480103, 1.8385299444198608, 1.8265905380249023, 1.821078896522522, 1.8212631940841675, 1.82364022731781, 1.8262466192245483, 1.815950870513916, 1.830532431602478, 1.8262375593185425, 1.8172508478164673, 1.8185847997665405, 1.8160771131515503, 1.8217380046844482, 1.8300602436065674, 1.8168123960494995, 1.8206787109375, 1.8194705247879028, 1.8138413429260254, 1.8181668519973755, 1.825596570968628, 1.8126373291015625, 1.8195374011993408], "masked_accuracy": [0.8115845322608948, 0.8410449028015137, 0.8472808003425598, 0.8567277789115906, 0.8659391403198242, 0.8738017678260803, 0.8765297532081604, 0.8778156638145447, 0.8797858357429504, 0.8792830109596252, 0.8790574669837952, 0.879554808139801, 0.8786402344703674, 0.8786209225654602, 0.8793515563011169, 0.8796210885047913, 0.8796570897102356, 0.8791708946228027, 0.8792657852172852, 0.8800632953643799, 0.8789172768592834, 0.8793837428092957, 0.8798835277557373, 0.8796961307525635, 0.8800554275512695, 0.8796873688697815, 0.8792339563369751, 0.8800183534622192, 0.8797389268875122, 0.8798497319221497, 0.8802568912506104, 0.879822850227356, 0.8792490363121033, 0.8803216814994812, 0.8798402547836304], "precision": [0.005134038161486387, 0.005410999059677124, 0.00546057615429163, 0.005258812569081783, 0.005105649586766958, 0.005100454669445753, 0.004886251874268055, 0.004861921072006226, 0.004853997379541397, 0.004803780931979418, 0.004847976844757795, 0.00494023272767663, 0.004916053730994463, 0.0050416807644069195, 0.005113274324685335, 0.005196940619498491, 0.005232762545347214, 0.005342585500329733, 0.005514722317457199, 0.00561258802190423, 0.005590503104031086, 0.005749765317887068, 0.00584303168579936, 0.006023208145052195, 0.006007937248796225, 0.006129088811576366, 0.006212713662534952, 0.0062953936867415905, 0.006340318359434605, 0.006469865329563618, 0.006503954995423555, 0.00651001650840044, 0.006569528952240944, 0.006681590806692839, 0.006755605805665255], "recall": [0.7537474632263184, 0.6750319600105286, 0.6439668536186218, 0.5874073505401611, 0.532550573348999, 0.49350082874298096, 0.4679481089115143, 0.45740073919296265, 0.4540521502494812, 0.45421889424324036, 0.4563792943954468, 0.46181848645210266, 0.4663696587085724, 0.4734279215335846, 0.48075082898139954, 0.48892849683761597, 0.4947456419467926, 0.5047821402549744, 0.5144414305686951, 0.5244450569152832, 0.5307179093360901, 0.5391959547996521, 0.5485289692878723, 0.5575283169746399, 0.5637148022651672, 0.5726598501205444, 0.5794867873191833, 0.5875028967857361, 0.5951599478721619, 0.6016426086425781, 0.6074015498161316, 0.6121418476104736, 0.6193428039550781, 0.6244916915893555, 0.6327348351478577]}