{"loss": [0.38965603709220886, 0.3023223280906677, 0.2648411989212036, 0.22741203010082245, 0.19870072603225708, 0.17832835018634796, 0.16584527492523193, 0.1563882976770401, 0.14682413637638092, 0.14147087931632996, 0.1380172073841095, 0.13401995599269867, 0.13230356574058533, 0.13061895966529846, 0.1276695430278778, 0.12619902193546295, 0.12570124864578247, 0.12421716749668121, 0.12422315776348114, 0.12246205657720566, 0.12323010712862015, 0.12356331199407578, 0.12198290228843689, 0.12212895601987839, 0.12222376465797424, 0.12154962122440338, 0.12325174361467361, 0.12162651866674423, 0.12148121744394302, 0.1217447817325592, 0.1215549185872078, 0.12184066325426102, 0.1213880106806755, 0.12154576927423477, 0.12114148586988449], "masked_accuracy": [0.7924116253852844, 0.8487033247947693, 0.8807295560836792, 0.9153547883033752, 0.9401391744613647, 0.9533994793891907, 0.961222231388092, 0.9661694765090942, 0.9696268439292908, 0.972238302230835, 0.9733957648277283, 0.9748215079307556, 0.9757896065711975, 0.9763677716255188, 0.9771846532821655, 0.9775019884109497, 0.9779582619667053, 0.9778715372085571, 0.9781982898712158, 0.9786795973777771, 0.9785986542701721, 0.9786902070045471, 0.9789077639579773, 0.9786445498466492, 0.9789720773696899, 0.9791068434715271, 0.9789363741874695, 0.9791232347488403, 0.9791294932365417, 0.9790503978729248, 0.979133129119873, 0.9790266156196594, 0.9790858626365662, 0.9791977405548096, 0.9791708588600159], "precision": [0.005383579060435295, 0.007626868784427643, 0.010068339295685291, 0.014202896505594254, 0.020286448299884796, 0.026710674166679382, 0.031996116042137146, 0.03717580437660217, 0.04156160354614258, 0.04506184533238411, 0.04825054109096527, 0.0509999543428421, 0.05321040377020836, 0.05511098727583885, 0.05681725963950157, 0.057902391999959946, 0.05881531536579132, 0.059920139610767365, 0.06070622056722641, 0.06144151836633682, 0.06139570474624634, 0.06151795759797096, 0.06208748370409012, 0.06268647313117981, 0.06209206581115723, 0.06310535222291946, 0.06250461935997009, 0.06301563233137131, 0.0630006492137909, 0.0634036585688591, 0.06297226995229721, 0.06256286799907684, 0.06305383890867233, 0.06292824447154999, 0.06328896433115005], "recall": [0.8767651915550232, 0.9112013578414917, 0.9228447079658508, 0.9096592664718628, 0.8908886909484863, 0.8797017931938171, 0.8623512983322144, 0.8557822108268738, 0.8512313961982727, 0.8430785536766052, 0.8373667001724243, 0.8359386324882507, 0.8303200006484985, 0.8295643329620361, 0.8277961611747742, 0.8284833431243896, 0.8233639597892761, 0.8263134956359863, 0.8267812132835388, 0.8278952240943909, 0.8243135809898376, 0.8227311968803406, 0.824802577495575, 0.8276058435440063, 0.8238498568534851, 0.8269297480583191, 0.8235290050506592, 0.8243159651756287, 0.8242557644844055, 0.8271111845970154, 0.8242685198783875, 0.8224022388458252, 0.8238847851753235, 0.8234529495239258, 0.8259245753288269]}