{"loss": [3.535322904586792, 2.089210271835327, 1.683239221572876, 1.5678508281707764, 1.503348469734192, 1.4836488962173462, 1.472097635269165, 1.4650996923446655, 1.455721378326416, 1.4498374462127686, 1.4420782327651978, 1.4599981307983398, 1.438881278038025, 1.4403510093688965, 1.437166452407837, 1.4452353715896606, 1.4459044933319092, 1.4580177068710327, 1.440321683883667, 1.4360617399215698, 1.440159797668457, 1.4361295700073242, 1.4341816902160645, 1.4318416118621826, 1.4373362064361572, 1.4399000406265259, 1.445591688156128, 1.4300295114517212, 1.4299601316452026, 1.4337574243545532, 1.4375827312469482, 1.4387223720550537, 1.4414591789245605, 1.4243333339691162, 1.4311310052871704], "masked_accuracy": [0.2638564109802246, 0.5335053205490112, 0.6227309107780457, 0.649499773979187, 0.6624689698219299, 0.6664983630180359, 0.6692990064620972, 0.6715878844261169, 0.6731456518173218, 0.6754962801933289, 0.6755441427230835, 0.6720978617668152, 0.6765456199645996, 0.6766849756240845, 0.6767305731773376, 0.675122082233429, 0.6757031083106995, 0.6730121970176697, 0.6755756139755249, 0.6775355339050293, 0.6761087775230408, 0.677200436592102, 0.6770358681678772, 0.6774134039878845, 0.6765956282615662, 0.6770917177200317, 0.675040602684021, 0.6783682703971863, 0.677513837814331, 0.6769452691078186, 0.6764107346534729, 0.6770111322402954, 0.6766320466995239, 0.6801713109016418, 0.6783647537231445], "categorical_accuracy": [0.6928393244743347, 0.7861123085021973, 0.818754255771637, 0.8281984329223633, 0.8343623876571655, 0.8352882266044617, 0.8363009095191956, 0.835091233253479, 0.8368582129478455, 0.837370753288269, 0.8391424417495728, 0.8360434174537659, 0.8377901911735535, 0.8385041356086731, 0.8397796154022217, 0.83730548620224, 0.8378139138221741, 0.8361037969589233, 0.837899386882782, 0.839015543460846, 0.8384748697280884, 0.8384295105934143, 0.8392037153244019, 0.8390165567398071, 0.8372385501861572, 0.839017927646637, 0.8367637991905212, 0.8386303186416626, 0.839584231376648, 0.8385214805603027, 0.8377782106399536, 0.8384295105934143, 0.8380098342895508, 0.8397494554519653, 0.8399941921234131]}