{"loss": [2.1324682235717773, 1.2364447116851807, 0.9853678345680237, 0.9347121715545654, 0.9047625660896301, 0.8821864128112793, 0.8954154849052429, 0.8947044014930725, 0.8843888640403748, 0.8829506635665894, 0.8879227638244629, 0.8831863403320312, 0.8868070840835571, 0.8895337581634521, 0.8819283246994019, 0.8798322081565857, 0.8897656798362732, 0.8837069869041443, 0.8743748664855957, 0.8700636625289917, 0.8766340613365173, 0.8891674280166626, 0.8766857981681824, 0.8751546740531921, 0.8832256197929382, 0.8734975457191467, 0.8843451142311096, 0.8785219192504883, 0.8796964883804321, 0.8811264038085938, 0.8748034238815308, 0.8872973918914795, 0.8811551332473755, 0.8808542490005493, 0.8778769373893738], "masked_accuracy": [0.5331338047981262, 0.7150015234947205, 0.7708402872085571, 0.7827166318893433, 0.7898843288421631, 0.7941477298736572, 0.7918277382850647, 0.7918741106987, 0.7937696576118469, 0.794487714767456, 0.7929252982139587, 0.794060230255127, 0.793675422668457, 0.7930935621261597, 0.7948192358016968, 0.7944105267524719, 0.7931159734725952, 0.7942685484886169, 0.7962552309036255, 0.7970370054244995, 0.7958175539970398, 0.7931199669837952, 0.7959411144256592, 0.795769453048706, 0.7942915558815002, 0.7961301207542419, 0.794309675693512, 0.7955765128135681, 0.7955458164215088, 0.7942855954170227, 0.796684980392456, 0.7938904762268066, 0.7947096824645996, 0.7946006655693054, 0.7951311469078064], "categorical_accuracy": [0.8252333998680115, 0.8825250864028931, 0.9008675813674927, 0.9050089716911316, 0.9081419110298157, 0.9098126888275146, 0.9070951342582703, 0.9078278541564941, 0.9096364378929138, 0.9094057679176331, 0.9082282781600952, 0.9088619947433472, 0.9079744219779968, 0.9077317118644714, 0.908444881439209, 0.9092448353767395, 0.9081132411956787, 0.9084740281105042, 0.9094232320785522, 0.9100902080535889, 0.9086881279945374, 0.9083200097084045, 0.9093409776687622, 0.9101678729057312, 0.9094985127449036, 0.9102187752723694, 0.9089449644088745, 0.9097858667373657, 0.9094209671020508, 0.909953236579895, 0.9096758365631104, 0.9080326557159424, 0.9084877371788025, 0.9094429016113281, 0.9091534614562988]}