{"loss": [1.6448369026184082, 0.978863000869751, 0.81739342212677, 0.7849225401878357, 0.7562972903251648, 0.7528263330459595, 0.7474914789199829, 0.744484543800354, 0.73735511302948, 0.7353293299674988, 0.7320933938026428, 0.7391000986099243, 0.7347451448440552, 0.7383753061294556, 0.7330606579780579, 0.7343534827232361, 0.7400075197219849, 0.7401491403579712, 0.7290444374084473, 0.7302722930908203, 0.7345153093338013, 0.7313110828399658, 0.7290906310081482, 0.7327784299850464, 0.7295885682106018, 0.7368863821029663, 0.7398018836975098, 0.7301763892173767, 0.7244720458984375, 0.7297255992889404, 0.7324851751327515, 0.7389622926712036, 0.7328420281410217, 0.7204163670539856, 0.7357155680656433], "masked_accuracy": [0.6414732336997986, 0.7734279036521912, 0.8092197775840759, 0.8177561163902283, 0.8230938911437988, 0.8240007162094116, 0.8248828053474426, 0.8254830241203308, 0.8271318674087524, 0.8278936147689819, 0.8277980089187622, 0.8265159130096436, 0.8279417753219604, 0.8272892832756042, 0.8282120227813721, 0.8273399472236633, 0.8271186351776123, 0.826663076877594, 0.828201174736023, 0.8285132646560669, 0.827480673789978, 0.8282515406608582, 0.8281885385513306, 0.8280467391014099, 0.8283886909484863, 0.8276481032371521, 0.8264629244804382, 0.8291163444519043, 0.8295909762382507, 0.8282006978988647, 0.8283787965774536, 0.8272978663444519, 0.8282024264335632, 0.8306765556335449, 0.8274680972099304], "categorical_accuracy": [0.8349387645721436, 0.8829026222229004, 0.8960605263710022, 0.8984222412109375, 0.9021693468093872, 0.9019672870635986, 0.902298629283905, 0.9010569453239441, 0.903066098690033, 0.9028944969177246, 0.9043796062469482, 0.9021764397621155, 0.9027075171470642, 0.9028148055076599, 0.9042884707450867, 0.9027166366577148, 0.9029762148857117, 0.9020726680755615, 0.9035837650299072, 0.9038803577423096, 0.9033139944076538, 0.9032718539237976, 0.9037395119667053, 0.9033625721931458, 0.9024643898010254, 0.9031062126159668, 0.9018230438232422, 0.9032309055328369, 0.904384434223175, 0.9032153487205505, 0.9028334021568298, 0.9026597738265991, 0.9029566645622253, 0.9044790267944336, 0.9035422205924988]}