{"loss": [2.8994741439819336, 1.4387322664260864, 1.1394906044006348, 1.0853731632232666, 1.0534287691116333, 1.0531392097473145, 1.0506523847579956, 1.0510741472244263, 1.042807936668396, 1.0402262210845947, 1.0389227867126465, 1.044023036956787, 1.0426067113876343, 1.0462379455566406, 1.041172742843628, 1.0429424047470093, 1.0491036176681519, 1.052107810974121, 1.0321580171585083, 1.037710189819336, 1.0446077585220337, 1.0378400087356567, 1.0359630584716797, 1.0394372940063477, 1.0386568307876587, 1.0455931425094604, 1.0479778051376343, 1.0372785329818726, 1.0300331115722656, 1.0348420143127441, 1.0424026250839233, 1.044132947921753, 1.0385898351669312, 1.0248759984970093, 1.0447263717651367], "masked_accuracy": [0.4004073739051819, 0.6615857481956482, 0.7329458594322205, 0.7483000159263611, 0.754962682723999, 0.7555275559425354, 0.7557920813560486, 0.7559563517570496, 0.7573916912078857, 0.7590290904045105, 0.7582346796989441, 0.7573404908180237, 0.7576500773429871, 0.757514238357544, 0.7581986784934998, 0.7575178742408752, 0.7575470209121704, 0.7558773159980774, 0.7592115998268127, 0.7584330439567566, 0.7571865320205688, 0.7590692639350891, 0.7583423852920532, 0.7583649158477783, 0.75837242603302, 0.7581015825271606, 0.7568284273147583, 0.7591426968574524, 0.7601269483566284, 0.7591715455055237, 0.7579516768455505, 0.7580825686454773, 0.75914466381073, 0.7615023255348206, 0.7581751942634583], "categorical_accuracy": [0.7428568601608276, 0.838923454284668, 0.8657230734825134, 0.8709620237350464, 0.8751169443130493, 0.8748584389686584, 0.8747235536575317, 0.8732663989067078, 0.8752262592315674, 0.8753203749656677, 0.8766975402832031, 0.8744741678237915, 0.8746349215507507, 0.8750336766242981, 0.8764669895172119, 0.8749306201934814, 0.8751319050788879, 0.873853325843811, 0.8762000203132629, 0.8758630752563477, 0.8752941489219666, 0.8757466077804565, 0.8759065270423889, 0.8755873441696167, 0.8745158314704895, 0.8753769397735596, 0.8741964101791382, 0.875403106212616, 0.876759946346283, 0.8757816553115845, 0.8748467564582825, 0.8751910924911499, 0.8755187392234802, 0.8767876029014587, 0.876015841960907]}