{"loss": [3.76680588722229, -2.048593521118164, -2.49660587310791, -2.4817399978637695], "lm": "esm2", "lr": 0.01, "batch": 64, "max_protein_len": 512, "reduced_dim": 64, "components": 32, "activation": "sigmoid", "suffix": ""}