{"loss": [1.78473961353302, 0.3550848960876465, 0.28702545166015625, 0.24508632719516754, 0.21419714391231537, 0.1919928938150406, 0.17774014174938202, 0.1668994426727295, 0.15653195977210999, 0.15000005066394806, 0.14505219459533691, 0.14024442434310913, 0.13725967705249786, 0.1351170539855957, 0.13081608712673187, 0.128644198179245, 0.12696059048175812, 0.12500225007534027, 0.12449697405099869, 0.12177407741546631, 0.12190844118595123, 0.12180831283330917, 0.11968324333429337, 0.11959925293922424, 0.11883159726858139, 0.11831193417310715, 0.11949992924928665, 0.1178065836429596, 0.11721375584602356, 0.11738532036542892, 0.11696770042181015, 0.11703193932771683, 0.11683230102062225, 0.11680225282907486, 0.11606274545192719], "masked_accuracy": [0.7984470129013062, 0.8331602215766907, 0.867544412612915, 0.9032790064811707, 0.9296243190765381, 0.9447992444038391, 0.9541729688644409, 0.9602252244949341, 0.9645437598228455, 0.9678049683570862, 0.9696266651153564, 0.9715162515640259, 0.9728215932846069, 0.9737532138824463, 0.9749850630760193, 0.9755155444145203, 0.9763158559799194, 0.9764382243156433, 0.9770002961158752, 0.9776850342750549, 0.9777650833129883, 0.9780451655387878, 0.9784064292907715, 0.9783035516738892, 0.978779673576355, 0.9789701700210571, 0.9789496064186096, 0.9791287183761597, 0.9793062210083008, 0.9792885184288025, 0.9794073104858398, 0.9793448448181152, 0.979323148727417, 0.9796099066734314, 0.9796152114868164], "precision": [0.005017566494643688, 0.006766407284885645, 0.009057655930519104, 0.012404457665979862, 0.017201853916049004, 0.022375162690877914, 0.02676025778055191, 0.031226113438606262, 0.03512972965836525, 0.03821266070008278, 0.04158904775977135, 0.044394902884960175, 0.04673909395933151, 0.04884803667664528, 0.05129307508468628, 0.05282596871256828, 0.05434177443385124, 0.05602879822254181, 0.05750823765993118, 0.058722108602523804, 0.059442900121212006, 0.060145240277051926, 0.06116538867354393, 0.06240329518914223, 0.06235187128186226, 0.06363064050674438, 0.06350445002317429, 0.06422817707061768, 0.06468795984983444, 0.06535406410694122, 0.06519892811775208, 0.06518484652042389, 0.0653361827135086, 0.06571055203676224, 0.06628847122192383], "recall": [0.7783349752426147, 0.883957028388977, 0.9188028573989868, 0.9167959690093994, 0.9089780449867249, 0.9047793745994568, 0.892620861530304, 0.8887636065483093, 0.8852099180221558, 0.8789142370223999, 0.873878002166748, 0.8723021745681763, 0.8678155541419983, 0.8656922578811646, 0.8643109798431396, 0.8643262982368469, 0.8596529960632324, 0.8623794317245483, 0.861591637134552, 0.8628657460212708, 0.860064685344696, 0.8580551743507385, 0.858701229095459, 0.860800564289093, 0.8578864336013794, 0.8595058917999268, 0.8564703464508057, 0.8575630187988281, 0.8574965596199036, 0.8593102097511292, 0.8571929335594177, 0.8555023670196533, 0.8566170930862427, 0.8560985326766968, 0.8587131500244141]}