{"loss": [2.1804187297821045, 1.1268343925476074, 0.913895308971405, 0.8699055910110474, 0.8390396237373352, 0.8352332711219788, 0.8324208855628967, 0.8318347334861755, 0.8235622048377991, 0.8187898397445679, 0.8205201625823975, 0.8250209093093872, 0.8218032121658325, 0.8261625170707703, 0.820670485496521, 0.8225387930870056, 0.8277994990348816, 0.8298742175102234, 0.8162559270858765, 0.8184947967529297, 0.8227197527885437, 0.8185446858406067, 0.8149893879890442, 0.8203579187393188, 0.8184200525283813, 0.8250598311424255, 0.8296636343002319, 0.8192501664161682, 0.811774492263794, 0.8171781897544861, 0.8219985961914062, 0.8267735838890076, 0.8200121521949768, 0.807236909866333, 0.8234797120094299], "masked_accuracy": [0.5476659536361694, 0.7373371720314026, 0.7866708040237427, 0.798662006855011, 0.8046345114707947, 0.8059687614440918, 0.8064634799957275, 0.8065844774246216, 0.8083236217498779, 0.809623122215271, 0.8087471127510071, 0.8078257441520691, 0.8090235590934753, 0.8082488775253296, 0.8090935349464417, 0.8083221912384033, 0.8082992434501648, 0.8071251511573792, 0.8094056844711304, 0.8093869686126709, 0.8083658218383789, 0.8095340132713318, 0.8093786239624023, 0.8089278340339661, 0.8091050982475281, 0.8083786368370056, 0.8070970177650452, 0.8095182776451111, 0.8104808330535889, 0.8095836639404297, 0.8089754581451416, 0.8082407712936401, 0.8093065023422241, 0.8119396567344666, 0.8089269995689392], "categorical_accuracy": [0.7989633083343506, 0.8688780069351196, 0.8871785998344421, 0.8909207582473755, 0.8949026465415955, 0.8948650360107422, 0.8950039744377136, 0.8935535550117493, 0.8954943418502808, 0.89561927318573, 0.8968759775161743, 0.894702672958374, 0.8951402902603149, 0.8952558040618896, 0.8967292308807373, 0.8951459527015686, 0.8954640626907349, 0.8942688703536987, 0.8960934281349182, 0.8962373733520508, 0.8956799507141113, 0.8958665728569031, 0.8961994051933289, 0.8957748413085938, 0.8947353959083557, 0.8955333828926086, 0.8941715359687805, 0.8954290747642517, 0.8968835473060608, 0.8958123922348022, 0.8951610922813416, 0.8950498700141907, 0.8954753875732422, 0.8969402313232422, 0.8961370587348938]}